name,address,phone,website,rating,total_reviews,price_level,business_status,types,place_id,query_used,scraped_at
Hunters Estate & Letting Agents Plaistow,"272 Barking Rd, London E13 8HR, UK",020 7474 2345,https://www.hunters.com/office/plaistow?utm_source=google&utm_medium=local,4.6,190,,OPERATIONAL,,ChIJfyPNUuGn2EcRjyl-qGgxZYg,estate agents,2025-09-17T16:59:51.327047
T J Miller,"148 Plashet Rd, London E13 0QS, UK",020 8514 7788,https://uklocation.org/business/t-j-miller-af90v0,4.8,64,,OPERATIONAL,,ChIJx_eB9Lin2EcRJKlUfqzEkB0,estate agents,2025-09-17T16:59:51.528397
Real Estate Agents London,"75A Barking Rd, London E16 4HB, UK",020 7055 0441,https://realestateagentslondon.co.uk/,4.8,396,,OPERATIONAL,,ChIJjfZBDP2n2EcRoMW6UbBfGj0,estate agents,2025-09-17T16:59:51.822188
Kevin & Co. Sales & Letting Agents,"The Oxygen, 18 Western Gateway, London E16 1BL, UK",,https://kevinandco.uk/,0.0,0,,OPERATIONAL,,ChIJTUsu-Man2EcRNQ69BFQi0zs,estate agents,2025-09-17T16:59:52.460468
Stonebridge Estate Agents,"248 High St N, London E12 6SB, UK",020 8590 1499,http://www.stonebridgelondon.co.uk/,4.9,115,,OPERATIONAL,,ChIJ9aG4mkum2EcRGnLiTKipJvI,estate agents,2025-09-17T16:59:52.645188
Easymove Estate and Letting Agents | East London,"161 High St N, London E6 1JB, UK",020 8470 0007,http://www.easymoveea.com/,4.6,308,,OPERATIONAL,,ChIJwUPrSEqm2EcRbZv5UCaL6sA,estate agents,2025-09-17T16:59:52.858756
Knights & Co estate agent,"776-778 Barking Rd, London E13 9PJ, UK",020 8004 6224,https://www.knightsandcoestateagent.co.uk/,4.3,25,,OPERATIONAL,,ChIJF427Os-n2EcR0byOMH47hkU,estate agents,2025-09-17T16:59:53.049570
Reeds Rains Estate Agents Plaistow,"286 Barking Rd, London E13 8HR, UK",020 7474 9157,https://www.reedsrains.co.uk/estate-agent/plaistow?utm_source=google_my_business&utm_medium=organic&utm_campaign=RPLAI1,4.5,190,,OPERATIONAL,,ChIJLbUSTeGn2EcRK6GxMPi8mrw,estate agents,2025-09-17T16:59:53.306599
haart Estate and Lettings Agents East Ham,"219 High St N, London E6 1JG, UK",020 4512 8365,https://www.haart.co.uk/branch-finder/east-ham-estate-agents/?utm_source=organic_gmb&utm_medium=organic&referrer=organic_gmb&y_source=1_MzQ0NjU5ODktNzE1LWxvY2F0aW9uLndlYnNpdGU%3D,4.7,685,,OPERATIONAL,,ChIJdfLUu0um2EcRF9jUB8eDMi4,estate agents,2025-09-17T16:59:53.492252
Harvey W James,"F1, 415 High St, London E15 4QZ, UK",020 3865 1500,https://www.harveywjames.com/,5.0,211,,OPERATIONAL,,ChIJE3YRc4qn2EcROhAhS9q0jMA,estate agents,2025-09-17T16:59:53.724981
Hawks | Estate Agents | East London,"71-73 W Ham Ln, London E15 4PH, UK",020 3002 6769,https://hawksestateagents.com/,4.5,106,,OPERATIONAL,,ChIJKYW0noun2EcR-tXBbLP5dmQ,estate agents,2025-09-17T16:59:53.920972
ARQ Homes,"355-357, Barking Rd, London E6 1LA, UK",020 8472 0011,http://www.arqhomes.co.uk/,4.9,233,,OPERATIONAL,,ChIJD6c4L76n2EcRXQpC9qGT_Gg,estate agents,2025-09-17T16:59:54.126493
Alexander Rose Estates,"Stratford Workshops, 15 Burford Rd, London E15 2SP, UK",020 3051 9877,https://alexanderroseestates.co.uk/,5.0,115,,OPERATIONAL,,ChIJKVJDsVADdkgRGRdZEVsrktw,estate agents,2025-09-17T16:59:54.355201
Samuel King Estate Agents,"Londis Supermarket, 143 Barking Rd, London E16 4HQ, UK",020 7474 6000,http://www.samuelking.co.uk/,3.9,52,,OPERATIONAL,,ChIJPU43Lv2n2EcR4fmerqtp7A4,estate agents,2025-09-17T16:59:54.533693
Michael Steven,"766 Barking Rd, London E13 9PJ, UK",020 8472 6666,http://www.michaelsteven.co.uk/,4.1,39,,OPERATIONAL,,ChIJG1xdOM-n2EcRxDYfm3sHAZE,estate agents,2025-09-17T16:59:54.726098
Elliott Davis Properties,"500 Green St, London E13 9DB, UK",020 8552 0711,https://ukmaplocation.org/business/elliott-davis-properties-adrgfx,2.5,26,,OPERATIONAL,,ChIJBQsijMin2EcR5rQ_dN_2B8A,estate agents,2025-09-17T16:59:54.948741
Kingdom Property Agents Ltd,"91Katherine Road, London E6 1EW, UK",020 8821 0287,https://ukmapslocation.org/business/kingdom-property-agents-ltd-ol72tp,5.0,54,,OPERATIONAL,,ChIJicLUyMqn2EcRHRZfTn5uabI,estate agents,2025-09-17T16:59:55.123678
Bismilla Property Ltd,"747 Barking Rd, London E13 9ER, UK",020 8586 6779,https://bismillaproperty.com/,4.5,18,,OPERATIONAL,,ChIJCatAOM-n2EcR_e2I2mTN_2Q,estate agents,2025-09-17T16:59:55.403801
JLL Stratford Real Estate,"5 Station St, London E15 1LA, UK",020 3147 1500,https://residential.jll.co.uk/offices/estate-agent-stratford,4.7,451,,OPERATIONAL,,ChIJSQkxlWEddkgRsJQ2R3lwA2g,estate agents,2025-09-17T16:59:55.598741
David Daniels,"49C Leytonstone Rd, London E15 1JA, UK",020 8555 3521,http://www.daviddaniels.co.uk/,4.2,297,,OPERATIONAL,,ChIJQcFIVY-n2EcR1Yy9loVJ3ok,estate agents,2025-09-17T16:59:55.795050
BK Property Management Services - Guaranteed Rent,"136 Katherine Rd, London E6 1ER, UK",020 8470 1420,https://www.bkpropertymanagementservices.com/,5.0,24,,OPERATIONAL,,ChIJvdjKLQCn2EcRqrfM2cQeXtc,property management,2025-09-17T16:59:56.543184
J Property Management,"7 Bell Yard, London WC2A 2JR, UK",020 3105 5898,http://www.jpropertymanagement.co.uk/,4.8,33,,OPERATIONAL,,ChIJWTF3B9gBdkgRMNQ1jXftdG8,property management,2025-09-17T16:59:56.737973
Key2Key Property Management,"120 Upton Ln, London E7 9LW, UK",020 8552 4777,http://www.key2keyproperties.com/,4.8,155,,OPERATIONAL,,ChIJTTTdtL2n2EcREeXyaw0MU4E,property management,2025-09-17T16:59:56.975357
Chasteau Property Management,"1st Floor, 415 High St, London E15 4QZ, UK",07833 444254,http://chasteaupropertymanagement.co.uk/,4.2,20,,OPERATIONAL,,ChIJ__8Lc4qn2EcR1g2HIRIhjdE,property management,2025-09-17T16:59:57.149617
Imperial Dragon Property Management,"30 Churchill Pl, London E14 5RE, UK",020 7096 0964,http://www.imperialdragonproperty.com/,4.4,39,,OPERATIONAL,,ChIJDYHOJcwEdkgRiVHRULwdLFM,property management,2025-09-17T16:59:57.340048
Prime Property Management,"Devonshire House, 29/31 Elmfield Rd, Bromley BR1 1LT, UK",020 3983 3443,https://primepm.co.uk/,4.6,551,,OPERATIONAL,,ChIJ9fQm0Fmq2EcRa8l8_nUUbEI,property management,2025-09-17T16:59:57.564529
Alexander Property Management Ltd,"70 Wood St, London E17 3HT, UK",020 8501 1489,http://www.alexanderproperty.co.uk/,4.8,19,,OPERATIONAL,,ChIJD2ukkPkddkgRarYbeILR6jI,property management,2025-09-17T16:59:57.801771
1st Property Management,"86-90 Paul St, London EC2A 4NE, UK",020 3984 9146,https://www.1stpropertymanagement.co.uk/,4.4,37,,OPERATIONAL,,ChIJzeQZG7McdkgRoWuuD9gbzGg,property management,2025-09-17T16:59:58.024336
Lionsgate Property Management,"14-16 Dowgate Hill, London EC4R 2SU, UK",020 3053 6704,http://lionsgate-property.com/,4.3,162,,OPERATIONAL,,ChIJKVJDsVADdkgR78Jlr3FmkoI,property management,2025-09-17T16:59:58.221732
Martin Smith Residential Letting & Management,"42 Romford Rd, London E15 4BZ, UK",020 8519 6677,http://www.martinsmithletting.co.uk/,4.3,35,,OPERATIONAL,,ChIJM_umsY6n2EcR0phSRbeHHx8,property management,2025-09-17T16:59:58.396884
JSE Property Management,"124 City Rd, London EC1V 2NX, UK",020 7101 4582,https://jsepropertymanagement.co.uk/,4.7,39,,OPERATIONAL,,ChIJ_cREgDgddkgRJJ9kMcSLb2I,property management,2025-09-17T16:59:58.677606
"Partap Property Estate Agents, Sales, Lettings & Property Management","202b Green St, London E7 8LE, UK",020 8470 2928,http://partapproperties.com/,4.4,31,,OPERATIONAL,,ChIJmUWbnbmn2EcRvTykcXHp1FY,property management,2025-09-17T16:59:58.863327
MIH Property Management Ltd,"3rd Floor, Collegiate House, 9 St Thomas St, London SE1 9RY, UK",020 3637 7968,https://www.mihproperty.co.uk/,4.5,82,,OPERATIONAL,,ChIJw9vVU00FdkgR-0Bhh5o5raQ,property management,2025-09-17T16:59:59.067861
Abby Homes - Letting & Property Management Since 2012,"3 Pepper St, London E14 9RB, UK",020 7538 4411,http://www.abbyhomes.co.uk/,4.4,62,,OPERATIONAL,,ChIJbXa4ytsDdkgRZuflw4235rg,property management,2025-09-17T16:59:59.252903
SC Property Management Services,"Jhumat House, 160 London Rd, Barking IG11 8BB, UK",020 8214 1110,https://scpropertymanagementservices.com/,4.9,10,,OPERATIONAL,,ChIJ3UcHBl-n2EcRN4yfu1tagCc,property management,2025-09-17T16:59:59.425424
"Albany Property Management, Letting & Estate Agents in Plaistow","14 High St, London E13 0AJ, UK",020 8471 9393,https://www.albanyresidential.com/contact.aspx?menuID=11?utm_source=localmaps&utm_medium=gbp&utm_campaign=plaistow,3.7,39,,OPERATIONAL,,ChIJ14zlkumn2EcReCBW2bnhxto,property management,2025-09-17T16:59:59.659164
Reka Property Management Ltd,"2nd Floor, WEB BASED COMPANY, Clerkenwell Rd, London EC1M 5PA, UK",020 3286 6468,http://rekaproperty.co.uk/,4.8,62,,OPERATIONAL,,ChIJXbI6FkUbdkgR8lgLL9uNo-w,property management,2025-09-17T16:59:59.841646
Goldman Greg Estate Agency & Housing Management Services,"143 Leman St, London E1 8EY, UK",020 7977 0018,http://www.goldmangreg.co.uk/,4.9,156,,OPERATIONAL,,ChIJQf4uGHMDdkgRNiqYLkKScEE,property management,2025-09-17T17:00:00.023568
All Seasons Lettings & Management - London's Multi award winning Guaranteed Rent Specialist,"538 High St N, London E12 6QN, UK",020 8478 9992,http://www.allseasonslettings.co.uk/,4.4,300,,OPERATIONAL,,ChIJo4l82cwcdkgRau0uIGJo9VA,property management,2025-09-17T17:00:00.210739
Prime Property Care,"483 Green Ln, London N13 4BS, UK",,https://www.primepropertycare.com/,4.7,75,,OPERATIONAL,,ChIJSSk-tPobdkgRr4VMF8eq3yQ,property management,2025-09-17T17:00:00.385271
Kevin & Co. Sales & Letting Agents,"The Oxygen, 18 Western Gateway, London E16 1BL, UK",,https://kevinandco.uk/,4.9,231,,OPERATIONAL,,ChIJTUsu-Man2EcRNQ69BFQi0zs,letting agents,2025-09-17T17:00:01.442502
Hunters Estate & Letting Agents Plaistow,"272 Barking Rd, London E13 8HR, UK",020 7474 2345,https://www.hunters.com/office/plaistow?utm_source=google&utm_medium=local,4.6,190,,OPERATIONAL,,ChIJfyPNUuGn2EcRjyl-qGgxZYg,letting agents,2025-09-17T17:00:01.598271
Easymove Estate and Letting Agents | East London,"161 High St N, London E6 1JB, UK",020 8470 0007,http://www.easymoveea.com/,4.6,308,,OPERATIONAL,,ChIJwUPrSEqm2EcRbZv5UCaL6sA,letting agents,2025-09-17T17:00:01.754532
T J Miller,"148 Plashet Rd, London E13 0QS, UK",020 8514 7788,https://uklocation.org/business/t-j-miller-af90v0,4.8,64,,OPERATIONAL,,ChIJx_eB9Lin2EcRJKlUfqzEkB0,letting agents,2025-09-17T17:00:01.912645
haart Estate and Lettings Agents East Ham,"219 High St N, London E6 1JG, UK",020 4512 8365,https://www.haart.co.uk/branch-finder/east-ham-estate-agents/?utm_source=organic_gmb&utm_medium=organic&referrer=organic_gmb&y_source=1_MzQ0NjU5ODktNzE1LWxvY2F0aW9uLndlYnNpdGU%3D,4.7,685,,OPERATIONAL,,ChIJdfLUu0um2EcRF9jUB8eDMi4,letting agents,2025-09-17T17:00:02.073750
Harvey W James,"F1, 415 High St, London E15 4QZ, UK",020 3865 1500,https://www.harveywjames.com/,5.0,211,,OPERATIONAL,,ChIJE3YRc4qn2EcROhAhS9q0jMA,letting agents,2025-09-17T17:00:02.264356
Samuel King Estate Agents,"Londis Supermarket, 143 Barking Rd, London E16 4HQ, UK",020 7474 6000,http://www.samuelking.co.uk/,3.9,52,,OPERATIONAL,,ChIJPU43Lv2n2EcR4fmerqtp7A4,letting agents,2025-09-17T17:00:02.425116
Knights & Co estate agent,"776-778 Barking Rd, London E13 9PJ, UK",020 8004 6224,https://www.knightsandcoestateagent.co.uk/,4.3,25,,OPERATIONAL,,ChIJF427Os-n2EcR0byOMH47hkU,letting agents,2025-09-17T17:00:02.584926
Reeds Rains Estate Agents Plaistow,"286 Barking Rd, London E13 8HR, UK",020 7474 9157,https://www.reedsrains.co.uk/estate-agent/plaistow?utm_source=google_my_business&utm_medium=organic&utm_campaign=RPLAI1,4.5,190,,OPERATIONAL,,ChIJLbUSTeGn2EcRK6GxMPi8mrw,letting agents,2025-09-17T17:00:02.785925
haart Estate and Lettings Agents Stratford,"4A Leytonstone Rd, London E15 1SE, UK",020 4512 8373,https://www.haart.co.uk/branch-finder/stratford-estate-agents/?utm_source=organic_gmb&utm_medium=organic&referrer=organic_gmb&y_source=1_MzQ0NjYxNzMtNzE1LWxvY2F0aW9uLndlYnNpdGU%3D,4.8,827,,OPERATIONAL,,ChIJwfIV-oWn2EcRQlIESKHpE6I,letting agents,2025-09-17T17:00:03.000191
Real Estate Agents London,"75A Barking Rd, London E16 4HB, UK",020 7055 0441,https://realestateagentslondon.co.uk/,4.8,396,,OPERATIONAL,,ChIJjfZBDP2n2EcRoMW6UbBfGj0,letting agents,2025-09-17T17:00:03.153568
Kingdom Property Agents Ltd,"91Katherine Road, London E6 1EW, UK",020 8821 0287,https://ukmapslocation.org/business/kingdom-property-agents-ltd-ol72tp,5.0,54,,OPERATIONAL,,ChIJicLUyMqn2EcRHRZfTn5uabI,letting agents,2025-09-17T17:00:03.305764
Bairstow Eves Sales and Letting Agents Stratford,"142 The Grove, London E15 1NS, UK",020 3151 3977,http://www.bairstoweves.co.uk/forsaleoffice/stratford/294/?referrer=GooglePlaces&utm_source=gmb&y_source=1_MzI1NzMxOC03MTUtbG9jYXRpb24ud2Vic2l0ZQ%3D%3D,4.2,382,,OPERATIONAL,,ChIJ9bRLH4mn2EcRR949Rw6bnYk,letting agents,2025-09-17T17:00:03.647858
SAVVY ANCHOR || Estate & Letting Agency,"764 Barking Rd, London E13 9PJ, UK",020 8087 4098,https://www.savvyanchor.co.uk/,0.0,0,,OPERATIONAL,,ChIJ2XJ7dBSn2EcRITdfFZogJ6Q,letting agents,2025-09-17T17:00:04.317093
ARQ Homes,"355-357, Barking Rd, London E6 1LA, UK",020 8472 0011,http://www.arqhomes.co.uk/,4.9,233,,OPERATIONAL,,ChIJD6c4L76n2EcRXQpC9qGT_Gg,letting agents,2025-09-17T17:00:04.513221
Bismilla Property Ltd,"747 Barking Rd, London E13 9ER, UK",020 8586 6779,https://bismillaproperty.com/,4.5,18,,OPERATIONAL,,ChIJCatAOM-n2EcR_e2I2mTN_2Q,letting agents,2025-09-17T17:00:04.666620
Elliott Davis Properties,"500 Green St, London E13 9DB, UK",020 8552 0711,https://ukmaplocation.org/business/elliott-davis-properties-adrgfx,2.5,26,,OPERATIONAL,,ChIJBQsijMin2EcR5rQ_dN_2B8A,letting agents,2025-09-17T17:00:04.875400
Hawks | Estate Agents | East London,"71-73 W Ham Ln, London E15 4PH, UK",020 3002 6769,https://hawksestateagents.com/,4.5,106,,OPERATIONAL,,ChIJKYW0noun2EcR-tXBbLP5dmQ,letting agents,2025-09-17T17:00:05.032861
Shan Properties (UK) Ltd,"61 Plashet Grove, London E6 1AD, UK",020 8472 9993,https://shanproperties.co.uk/,4.7,332,,OPERATIONAL,,ChIJy418xren2EcRRyWx6ahlYDI,letting agents,2025-09-17T17:00:05.211946
Stonebridge Estate Agents,"248 High St N, London E12 6SB, UK",020 8590 1499,http://www.stonebridgelondon.co.uk/,4.9,115,,OPERATIONAL,,ChIJ9aG4mkum2EcRGnLiTKipJvI,letting agents,2025-09-17T17:00:05.401318
Legacy Property Consultants,"10-11, Barkat House, 116-118 Finchley Rd, South Hampstead, London NW3 5HT, UK",020 7433 2523,http://www.legacypcl.co.uk/,5.0,220,,OPERATIONAL,,ChIJAyR5LIUadkgRaTgBjcxA87M,property consultants,2025-09-17T17:00:06.049085
Key Property Consultants,"129 High St, London SE20 7DS, UK",020 3793 2033,http://www.keypropertyconsultants.co.uk/,4.8,422,,OPERATIONAL,,ChIJX22wVXEBdkgR6Di4dlUacu8,property consultants,2025-09-17T17:00:06.240401
Alico Property Consultants,"151 Plashet Rd, London E13 0RA, UK",020 8552 3325,http://www.alicoproperty.com/,4.0,2,,OPERATIONAL,,ChIJEWOCy7in2EcR-_sh2c8lg4k,property consultants,2025-09-17T17:00:06.483727
BK Property Management Services - Guaranteed Rent,"136 Katherine Rd, London E6 1ER, UK",020 8470 1420,https://www.bkpropertymanagementservices.com/,5.0,24,,OPERATIONAL,,ChIJvdjKLQCn2EcRqrfM2cQeXtc,property consultants,2025-09-17T17:00:06.641710
Hawk & Eagle Property Consultants,"1 Claybury Broadway, Ilford IG5 0LQ, UK",020 7709 8410,http://www.hawkandeagle.co.uk/,4.1,201,,OPERATIONAL,,ChIJL4Tx5ioDdkgRqkezQs8-Y1g,property consultants,2025-09-17T17:00:06.824286
Rivera Property Consultants,"Piccadilly Chambers, Dudley House, 169 Piccadilly, London W1J 9EH, UK",020 7998 3504,http://riverapropertyconsultants.com/,5.0,16,,OPERATIONAL,,ChIJT0PU9CoFdkgRoE6kBQyXEgg,property consultants,2025-09-17T17:00:07.016794
PROPERTY CONSULTANTS GROUP,"71-75 Shelton St, London WC2H 9JQ, UK",0330 390 3533,http://propertyconsultantsgroup.co.uk/,5.0,1,,OPERATIONAL,,ChIJCZckwcwEdkgRPIw91t9iGKM,property consultants,2025-09-17T17:00:07.214022
Alex Goldstein Property Consultants,"4 Old Park Ln, London W1K 1QW, UK",020 3714 5910,https://www.alexgoldstein.co.uk/,5.0,9,,OPERATIONAL,,ChIJPWBQrc4adkgRJ4f4FZN93QM,property consultants,2025-09-17T17:00:07.462969
Key Property Consultants,"56 Bellegrove Rd, Welling DA16 3PY, UK",020 3793 2033,http://www.keypropertyconsultants.co.uk/,5.0,75,,OPERATIONAL,,ChIJ77iIlVWv2EcRG5u9EmDcf2E,property consultants,2025-09-17T17:00:07.649397
City Property Consultants,"134 Hoxton St, London N1 6SH, UK",020 7739 3308,,4.1,19,,OPERATIONAL,,ChIJK6T5jbwcdkgRCgJUZ89hENI,property consultants,2025-09-17T17:00:07.834003
Samson Consultants,"269-271 High St, London E15 2TF, UK",020 8221 1522,https://samsonconsultants.com/,4.6,29,,OPERATIONAL,,ChIJnzqJnGAddkgRxJvDvems810,property consultants,2025-09-17T17:00:08.054090
Kings Property Consultancy Ltd,"1 Empire Mews, London SW16 2BF, UK",07985 708511,,5.0,29,,OPERATIONAL,,ChIJccvj3a4BdkgRJeVvUDaa6K4,property consultants,2025-09-17T17:00:08.238711
Anatomy Property Consultants,"4 Plough Yard, London EC2A 3LP, UK",020 8152 4134,http://www.anatomylondon.co.uk/,5.0,11,,OPERATIONAL,,ChIJedSpdp7DTgsRM-G8iSDdvRk,property consultants,2025-09-17T17:00:08.504721
Jamie Property Consultants,"45-55 Commercial St, London E1 6BD, UK",020 3978 4581,https://www.jamieproperty.com/,5.0,2,,OPERATIONAL,,ChIJrSmDyuoddkgRiG56InhgRYs,property consultants,2025-09-17T17:00:08.700329
Lopes Property Consultants,"Suite 02, Unit 14, Bourne Court, Southend Rd, Woodford, Woodford Green IG8 8HD, UK",07946 330837,https://lopesland.co.uk/,5.0,5,,OPERATIONAL,,ChIJ2XEREICc8okR70U_I4p2ghg,property consultants,2025-09-17T17:00:09.042765
Treasure Tower Property Consultants,"Harford House, London W11 1AZ, UK",01782 900207,http://www.treasuretower.co.uk/,5.0,47,,OPERATIONAL,,ChIJ158YzU0bdkgRmroBd2On-68,property consultants,2025-09-17T17:00:09.251496
O'Sullivan Property Consultants,"96 Seymour Pl, London W1H 1NB, UK",020 7099 0800,http://www.osullivanproperty.co.uk/,4.8,56,,OPERATIONAL,,ChIJ0xlJBysFdkgRu3SRyVqCBrI,property consultants,2025-09-17T17:00:09.451233
Occupa Commercial Property Consultants Mayfair,"1-6 Yarmouth Pl, London W1J 7BU, UK",020 7100 7500,http://www.occupa.co.uk/,5.0,55,,OPERATIONAL,,ChIJFepCtCgFdkgRaMuWbC7AIBM,property consultants,2025-09-17T17:00:09.632788
Shan Properties (UK) Ltd,"61 Plashet Grove, London E6 1AD, UK",020 8472 9993,https://shanproperties.co.uk/,4.7,332,,OPERATIONAL,,ChIJy418xren2EcRRyWx6ahlYDI,property consultants,2025-09-17T17:00:09.787583
Ideal Property Consultants,"83 Station Rd, London E4 7BU, UK",020 8523 9444,https://ipclondon.co.uk/,4.4,7,,OPERATIONAL,,ChIJ3fFUXoOg2EcRpiTiFF9rYAc,property consultants,2025-09-17T17:00:09.963542
Real Estate Agents London,"75A Barking Rd, London E16 4HB, UK",020 7055 0441,https://realestateagentslondon.co.uk/,4.8,396,,OPERATIONAL,,ChIJjfZBDP2n2EcRoMW6UbBfGj0,real estate agents,2025-09-17T17:00:10.647997
Kevin & Co. Sales & Letting Agents,"The Oxygen, 18 Western Gateway, London E16 1BL, UK",,https://kevinandco.uk/,4.9,231,,OPERATIONAL,,ChIJTUsu-Man2EcRNQ69BFQi0zs,real estate agents,2025-09-17T17:00:10.799313
ARQ Homes,"355-357, Barking Rd, London E6 1LA, UK",020 8472 0011,http://www.arqhomes.co.uk/,4.9,233,,OPERATIONAL,,ChIJD6c4L76n2EcRXQpC9qGT_Gg,real estate agents,2025-09-17T17:00:10.950819
Samuel King Estate Agents,"Londis Supermarket, 143 Barking Rd, London E16 4HQ, UK",020 7474 6000,http://www.samuelking.co.uk/,3.9,52,,OPERATIONAL,,ChIJPU43Lv2n2EcR4fmerqtp7A4,real estate agents,2025-09-17T17:00:11.184855
Hunters Estate & Letting Agents Plaistow,"272 Barking Rd, London E13 8HR, UK",020 7474 2345,https://www.hunters.com/office/plaistow?utm_source=google&utm_medium=local,4.6,190,,OPERATIONAL,,ChIJfyPNUuGn2EcRjyl-qGgxZYg,real estate agents,2025-09-17T17:00:11.335040
Elliott Davis Properties,"500 Green St, London E13 9DB, UK",020 8552 0711,https://ukmaplocation.org/business/elliott-davis-properties-adrgfx,2.5,26,,OPERATIONAL,,ChIJBQsijMin2EcR5rQ_dN_2B8A,real estate agents,2025-09-17T17:00:11.489677
Kingdom Property Agents Ltd,"91Katherine Road, London E6 1EW, UK",020 8821 0287,https://ukmapslocation.org/business/kingdom-property-agents-ltd-ol72tp,5.0,54,,OPERATIONAL,,ChIJicLUyMqn2EcRHRZfTn5uabI,real estate agents,2025-09-17T17:00:11.695238
Harvey W James,"F1, 415 High St, London E15 4QZ, UK",020 3865 1500,https://www.harveywjames.com/,5.0,211,,OPERATIONAL,,ChIJE3YRc4qn2EcROhAhS9q0jMA,real estate agents,2025-09-17T17:00:11.848410
Reeds Rains Estate Agents Plaistow,"286 Barking Rd, London E13 8HR, UK",020 7474 9157,https://www.reedsrains.co.uk/estate-agent/plaistow?utm_source=google_my_business&utm_medium=organic&utm_campaign=RPLAI1,4.5,190,,OPERATIONAL,,ChIJLbUSTeGn2EcRK6GxMPi8mrw,real estate agents,2025-09-17T17:00:11.995965
T J Miller,"148 Plashet Rd, London E13 0QS, UK",020 8514 7788,https://uklocation.org/business/t-j-miller-af90v0,4.8,64,,OPERATIONAL,,ChIJx_eB9Lin2EcRJKlUfqzEkB0,real estate agents,2025-09-17T17:00:12.221572
Knights & Co estate agent,"776-778 Barking Rd, London E13 9PJ, UK",020 8004 6224,https://www.knightsandcoestateagent.co.uk/,4.3,25,,OPERATIONAL,,ChIJF427Os-n2EcR0byOMH47hkU,real estate agents,2025-09-17T17:00:12.397516
Shan Properties (UK) Ltd,"61 Plashet Grove, London E6 1AD, UK",020 8472 9993,https://shanproperties.co.uk/,4.7,332,,OPERATIONAL,,ChIJy418xren2EcRRyWx6ahlYDI,real estate agents,2025-09-17T17:00:12.560232
Stonebridge Estate Agents,"248 High St N, London E12 6SB, UK",020 8590 1499,http://www.stonebridgelondon.co.uk/,4.9,115,,OPERATIONAL,,ChIJ9aG4mkum2EcRGnLiTKipJvI,real estate agents,2025-09-17T17:00:12.748530
JLL Stratford Real Estate,"5 Station St, London E15 1LA, UK",020 3147 1500,https://residential.jll.co.uk/offices/estate-agent-stratford,4.7,451,,OPERATIONAL,,ChIJSQkxlWEddkgRsJQ2R3lwA2g,real estate agents,2025-09-17T17:00:12.908793
Thinq Homes,"130 Plashet Rd, London E13 0QS, UK",020 8548 4007,http://www.thinqhomes.com/,4.9,48,,OPERATIONAL,,ChIJNa2v7Lin2EcRha2cKYlJjpE,real estate agents,2025-09-17T17:00:13.101135
Easymove Estate and Letting Agents | East London,"161 High St N, London E6 1JB, UK",020 8470 0007,http://www.easymoveea.com/,4.6,308,,OPERATIONAL,,ChIJwUPrSEqm2EcRbZv5UCaL6sA,real estate agents,2025-09-17T17:00:13.276626
Hawks | Estate Agents | East London,"71-73 W Ham Ln, London E15 4PH, UK",020 3002 6769,https://hawksestateagents.com/,4.5,106,,OPERATIONAL,,ChIJKYW0noun2EcR-tXBbLP5dmQ,real estate agents,2025-09-17T17:00:13.435652
Bismilla Property Ltd,"747 Barking Rd, London E13 9ER, UK",020 8586 6779,https://bismillaproperty.com/,4.5,18,,OPERATIONAL,,ChIJCatAOM-n2EcR_e2I2mTN_2Q,real estate agents,2025-09-17T17:00:13.600952
Alexander Rose Estates,"Stratford Workshops, 15 Burford Rd, London E15 2SP, UK",020 3051 9877,https://alexanderroseestates.co.uk/,5.0,115,,OPERATIONAL,,ChIJKVJDsVADdkgRGRdZEVsrktw,real estate agents,2025-09-17T17:00:13.790859
Oakville Real Estates,"217 High St N, London E6 1JG, UK",020 8472 9090,http://www.ore.uk.com/,4.0,37,,OPERATIONAL,,ChIJYxrJu0um2EcRKnb_XhtIWAA,real estate agents,2025-09-17T17:00:13.993134
"Partap Property Estate Agents, Sales, Lettings & Property Management","202b Green St, London E7 8LE, UK",020 8470 2928,http://partapproperties.com/,4.4,31,,OPERATIONAL,,ChIJmUWbnbmn2EcRvTykcXHp1FY,property sales,2025-09-17T17:00:14.639159
Thinq Homes,"130 Plashet Rd, London E13 0QS, UK",020 8548 4007,http://www.thinqhomes.com/,4.9,48,,OPERATIONAL,,ChIJNa2v7Lin2EcRha2cKYlJjpE,property sales,2025-09-17T17:00:14.839454
Short Lease Property Sales,"86-90 Paul St, London EC2A 4NE, UK",020 3026 6288,https://shortleasepropertysales.co.uk/,5.0,30,,OPERATIONAL,,ChIJeVeQJaoddkgRNOOIp6rHWsM,property sales,2025-09-17T17:00:15.036213
Properly - Estate Agent - Property Management - Property Sales - New Homes - Buying Service,"13 Palace St, London SW1E 5HX, UK",020 7459 4400,http://www.properly.space/,5.0,132,,OPERATIONAL,,ChIJxZTQHagFdkgRqsYpfJDkU0E,property sales,2025-09-17T17:00:15.219643
Waterfronts Estate Agents,"Waterfront Studios, Dock Rd, London E16 1AG, UK",020 7474 5757,http://www.waterfronts.co.uk/,4.5,71,,OPERATIONAL,,ChIJda4PRg6o2EcRyhje5Fcrfnw,property sales,2025-09-17T17:00:15.420162
Kevin & Co. Sales & Letting Agents,"The Oxygen, 18 Western Gateway, London E16 1BL, UK",,https://kevinandco.uk/,4.9,231,,OPERATIONAL,,ChIJTUsu-Man2EcRNQ69BFQi0zs,property sales,2025-09-17T17:00:15.573365
Barrain London Estate Agents,"10 Mahindra Wy., London E6 5AQ, UK",020 3780 7991,https://barrain.co.uk/,5.0,24,,OPERATIONAL,,ChIJwYW5OGyn2EcRh5vJq4JhUjo,property sales,2025-09-17T17:00:15.753391
SMART LINK ESTATES,"89 Vicarage Ln, London E15 4HG, UK",020 7100 0999,http://www.smartlinkestates.com/,4.6,46,,OPERATIONAL,,ChIJP4Q2e82n2EcRJZ9xMpJz_yc,property sales,2025-09-17T17:00:15.932435
Estates East,"185 Francis Rd, London E10 6NQ, UK",020 8539 4213,https://www.estateseast.co.uk/,4.7,60,,OPERATIONAL,,ChIJMxdaJYQddkgRJnsdkunLaLY,property sales,2025-09-17T17:00:16.145307
Reeds Rains Estate Agents Plaistow,"286 Barking Rd, London E13 8HR, UK",020 7474 9157,https://www.reedsrains.co.uk/estate-agent/plaistow?utm_source=google_my_business&utm_medium=organic&utm_campaign=RPLAI1,4.5,190,,OPERATIONAL,,ChIJLbUSTeGn2EcRK6GxMPi8mrw,property sales,2025-09-17T17:00:16.375213
Findlay Property,"73 Broadway Market, London E8 4PH, UK",020 7254 9444,http://www.findprop.co.uk/,4.8,64,,OPERATIONAL,,ChIJqd1sSegcdkgRR8bZOjwS2tc,property sales,2025-09-17T17:00:16.575445
Maybury Estates Sales and Letting Agents Barking & Dagenham,"Suite 13, Stewart House, 56 Longbridge Rd, Barking IG11 8RT, UK",020 7018 0660,http://www.mayburyestates.co.uk/,4.6,30,,OPERATIONAL,,ChIJhYYulSun2EcR2--PkGwQOr8,property sales,2025-09-17T17:00:16.771985
Romans & Partners - Canary Wharf,"40 Bank St, London E14 5NR, UK",020 3880 9244,http://romansandpartners.com/,5.0,89,,OPERATIONAL,,ChIJ3xYUs0ADdkgREME76DcDxzk,property sales,2025-09-17T17:00:16.971539
"Madison Brook, Docklands","Royal Victoria Dock, 20 Western Gateway, London E16 1BS, UK",020 3946 6000,http://www.madisonbrook.com/,4.6,239,,OPERATIONAL,,ChIJG43IGQyo2EcRREeJ8Cyn8VE,property sales,2025-09-17T17:00:17.156923
Victor Michael Sales And Lettings Estate Agents in Stratford / East London,"74 Leytonstone Rd, London E15 1SQ, UK",020 8519 2000,http://www.victormichael.com/,4.6,217,,OPERATIONAL,,ChIJRxJChoan2EcR8tzckAXZYpM,property sales,2025-09-17T17:00:17.424046
RNS Homes,"17 Boundary Rd, London E13 9PS, UK",020 3026 4428,https://rns-homes.com/,4.8,26,,OPERATIONAL,,ChIJd0fVRqyn2EcReWenpLgl9M0,property sales,2025-09-17T17:00:17.966663
Xchange Sales & Lettings Limited,"164 Cranbrook Rd, Cranbrook, Ilford IG1 4NR, UK",020 8553 1444,https://ukmaplocation.org/business/xchange-sales-lettings-limited-31t7ak,3.9,67,,OPERATIONAL,,ChIJe4TnhPSm2EcR8fG9vOB7EZQ,property sales,2025-09-17T17:00:18.151411
Murray Lee McKenzie - Sales - Lettings & Management,"22 Albert Rd, Belvedere DA17 5LJ, UK",01322 947967,http://www.mlmestateagents.co.uk/,4.8,58,,OPERATIONAL,,ChIJ4SjxA9-v2EcRUKU4dM-6vqY,property sales,2025-09-17T17:00:18.370722
Whozoo,"Unit 2, 2 Delacourt Rd, London SE3 8XA, UK",0333 200 8330,http://www.whozoo.co.uk/,4.8,55,,OPERATIONAL,,ChIJefqUX40FdkgRky8Cu2JQIfo,property sales,2025-09-17T17:00:18.563990
Your Move Estate Agents Forest Gate,"176-177 Forest Ln, London E7 9BB, UK",020 8534 1147,https://www.your-move.co.uk/estate-agent/forest-gate?utm_source=google_my_business&utm_medium=organic&utm_campaign=YME79BB,4.7,149,,CLOSED_TEMPORARILY,,ChIJJ2Uai5in2EcRxZNgRXdDgDw,property sales,2025-09-17T17:00:18.766625
Kevin & Co. Sales & Letting Agents,"The Oxygen, 18 Western Gateway, London E16 1BL, UK",,https://kevinandco.uk/,4.9,231,,OPERATIONAL,,ChIJTUsu-Man2EcRNQ69BFQi0zs,property lettings,2025-09-17T17:00:19.327125
T J Miller,"148 Plashet Rd, London E13 0QS, UK",020 8514 7788,https://uklocation.org/business/t-j-miller-af90v0,4.8,64,,OPERATIONAL,,ChIJx_eB9Lin2EcRJKlUfqzEkB0,property lettings,2025-09-17T17:00:19.566107
"Partap Property Estate Agents, Sales, Lettings & Property Management","202b Green St, London E7 8LE, UK",020 8470 2928,http://partapproperties.com/,4.4,31,,OPERATIONAL,,ChIJmUWbnbmn2EcRvTykcXHp1FY,property lettings,2025-09-17T17:00:19.713226
Kingdom Property Agents Ltd,"91Katherine Road, London E6 1EW, UK",020 8821 0287,https://ukmapslocation.org/business/kingdom-property-agents-ltd-ol72tp,5.0,54,,OPERATIONAL,,ChIJicLUyMqn2EcRHRZfTn5uabI,property lettings,2025-09-17T17:00:19.861770
Martin Smith Residential Letting & Management,"42 Romford Rd, London E15 4BZ, UK",020 8519 6677,http://www.martinsmithletting.co.uk/,4.3,35,,OPERATIONAL,,ChIJM_umsY6n2EcR0phSRbeHHx8,property lettings,2025-09-17T17:00:20.079726
Hunters Estate & Letting Agents Plaistow,"272 Barking Rd, London E13 8HR, UK",020 7474 2345,https://www.hunters.com/office/plaistow?utm_source=google&utm_medium=local,4.6,190,,OPERATIONAL,,ChIJfyPNUuGn2EcRjyl-qGgxZYg,property lettings,2025-09-17T17:00:20.232086
Let Sell Property ltd,"115 Green St, London E7 8JF, UK",020 8396 4000,http://www.letsellproperty.co.uk/,4.7,68,,OPERATIONAL,,ChIJr5H6iJ2m2EcRZ5ndildTvqM,property lettings,2025-09-17T17:00:20.444107
All Seasons Lettings & Management - London's Multi award winning Guaranteed Rent Specialist,"538 High St N, London E12 6QN, UK",020 8478 9992,http://www.allseasonslettings.co.uk/,4.4,300,,OPERATIONAL,,ChIJo4l82cwcdkgRau0uIGJo9VA,property lettings,2025-09-17T17:00:20.608256
Bismilla Property Ltd,"747 Barking Rd, London E13 9ER, UK",020 8586 6779,https://bismillaproperty.com/,4.5,18,,OPERATIONAL,,ChIJCatAOM-n2EcR_e2I2mTN_2Q,property lettings,2025-09-17T17:00:20.771024
Key2Key Property Management,"120 Upton Ln, London E7 9LW, UK",020 8552 4777,http://www.key2keyproperties.com/,4.8,155,,OPERATIONAL,,ChIJTTTdtL2n2EcREeXyaw0MU4E,property lettings,2025-09-17T17:00:20.922355
Easymove Estate and Letting Agents | East London,"161 High St N, London E6 1JB, UK",020 8470 0007,http://www.easymoveea.com/,4.6,308,,OPERATIONAL,,ChIJwUPrSEqm2EcRbZv5UCaL6sA,property lettings,2025-09-17T17:00:21.124773
haart Estate and Lettings Agents East Ham,"219 High St N, London E6 1JG, UK",020 4512 8365,https://www.haart.co.uk/branch-finder/east-ham-estate-agents/?utm_source=organic_gmb&utm_medium=organic&referrer=organic_gmb&y_source=1_MzQ0NjU5ODktNzE1LWxvY2F0aW9uLndlYnNpdGU%3D,4.7,685,,OPERATIONAL,,ChIJdfLUu0um2EcRF9jUB8eDMi4,property lettings,2025-09-17T17:00:21.276784
Samuel King Estate Agents,"Londis Supermarket, 143 Barking Rd, London E16 4HQ, UK",020 7474 6000,http://www.samuelking.co.uk/,3.9,52,,OPERATIONAL,,ChIJPU43Lv2n2EcR4fmerqtp7A4,property lettings,2025-09-17T17:00:21.435620
"Albany Property Management, Letting & Estate Agents in Plaistow","14 High St, London E13 0AJ, UK",020 8471 9393,https://www.albanyresidential.com/contact.aspx?menuID=11?utm_source=localmaps&utm_medium=gbp&utm_campaign=plaistow,3.7,39,,OPERATIONAL,,ChIJ14zlkumn2EcReCBW2bnhxto,property lettings,2025-09-17T17:00:21.676402
BK Property Management Services - Guaranteed Rent,"136 Katherine Rd, London E6 1ER, UK",020 8470 1420,https://www.bkpropertymanagementservices.com/,5.0,24,,OPERATIONAL,,ChIJvdjKLQCn2EcRqrfM2cQeXtc,property lettings,2025-09-17T17:00:21.839489
Portico Letting Agents in Stratford,"ST. Johns House, 2 Romford Rd, London E15 4BF, UK",020 8221 4444,https://www.portico.com/our-offices/stratford/?utm_source=localmaps&utm_medium=gbp&utm_campaign=gmb_stratford,4.3,360,,OPERATIONAL,,ChIJu3XkZomn2EcREozd3c6GvcE,property lettings,2025-09-17T17:00:22.026419
ARQ Homes,"355-357, Barking Rd, London E6 1LA, UK",020 8472 0011,http://www.arqhomes.co.uk/,4.9,233,,OPERATIONAL,,ChIJD6c4L76n2EcRXQpC9qGT_Gg,property lettings,2025-09-17T17:00:22.185491
Harvey W James,"F1, 415 High St, London E15 4QZ, UK",020 3865 1500,https://www.harveywjames.com/,5.0,211,,OPERATIONAL,,ChIJE3YRc4qn2EcROhAhS9q0jMA,property lettings,2025-09-17T17:00:22.343991
Shan Properties (UK) Ltd,"61 Plashet Grove, London E6 1AD, UK",020 8472 9993,https://shanproperties.co.uk/,4.7,332,,OPERATIONAL,,ChIJy418xren2EcRRyWx6ahlYDI,property lettings,2025-09-17T17:00:22.504604
Icon Properties,"Central House, 103 Central Park Rd, London E6 3DW, UK",020 8472 0000,http://www.iconproperties.co.uk/,4.7,19,,OPERATIONAL,,ChIJJYuw0PcPdkgRVR5FCKDT2j0,property lettings,2025-09-17T17:00:22.739898
Residential Land,"59-60 Grosvenor St, London W1K 3HZ, UK",020 7408 5155,http://www.residentialland.com/,4.8,73,,OPERATIONAL,,ChIJ4U8a9jEFdkgRoE2_NJlC7Ag,residential property,2025-09-17T17:00:23.452813
Life Residential Royal Wharf,"16 Royal Crest Ave., London E16 2TQ, UK",020 3846 3311,https://liferesidential.co.uk/contact-us/royal-wharf-estate-agents/?utm_source=gmb&utm_medium=organic&utm_campaign=royal-wharf,4.6,516,,OPERATIONAL,,ChIJ5YXnvW6o2EcRLWpCthhKKKY,residential property,2025-09-17T17:00:23.716770
London Residentials,"231 Barking Rd, London E6 1LB, UK",020 8470 5454,https://www.londonresidentials.co.uk/,4.5,2,,OPERATIONAL,,ChIJL-dfvzSm2EcRR3D9j_-Yu1c,residential property,2025-09-17T17:00:23.899940
"Partap Property Estate Agents, Sales, Lettings & Property Management","202b Green St, London E7 8LE, UK",020 8470 2928,http://partapproperties.com/,4.4,31,,OPERATIONAL,,ChIJmUWbnbmn2EcRvTykcXHp1FY,residential property,2025-09-17T17:00:24.053275
Martin Smith Residential Letting & Management,"42 Romford Rd, London E15 4BZ, UK",020 8519 6677,http://www.martinsmithletting.co.uk/,4.3,35,,OPERATIONAL,,ChIJM_umsY6n2EcR0phSRbeHHx8,residential property,2025-09-17T17:00:24.279707
Prime Residential,"1 King William St, London EC4N 7AF, UK",020 3874 2976,http://www.primeresidentialpm.com/,4.9,92,,OPERATIONAL,,ChIJU1hS1l0ddkgRxqFJSypyrYg,residential property,2025-09-17T17:00:24.489694
Residential Realtors Estate Agents,"28-30 Harper Rd, London SE1 6AD, UK",020 7096 8131,http://www.residentialrealtors.co.uk/,4.1,321,,OPERATIONAL,,ChIJJVRCgKAEdkgRz3W9BQVrAPM,residential property,2025-09-17T17:00:24.776653
Residential Property Management Group,"Unit 5 Sedgwick St, London E9 6AE, UK",020 3239 6063,https://www.residentialpropertymanagementgroup.co.uk/,3.9,7,,OPERATIONAL,,ChIJYzKw0TYddkgR9vMUkLHCm00,residential property,2025-09-17T17:00:24.961991
Life Residential Canary Wharf,"36 Millharbour, London E14 9JS, UK",020 3668 1033,https://liferesidential.co.uk/contact-us/canary-wharf-estate-agents/?utm_source=gmb&utm_medium=organic&utm_campaign=canary-wharf,4.6,1091,,OPERATIONAL,,ChIJRf7J6r4CdkgRW9NuXCplilc,residential property,2025-09-17T17:00:25.163851
Bismilla Property Ltd,"747 Barking Rd, London E13 9ER, UK",020 8586 6779,https://bismillaproperty.com/,4.5,18,,OPERATIONAL,,ChIJCatAOM-n2EcR_e2I2mTN_2Q,residential property,2025-09-17T17:00:25.330382
Life Residential Greenwich,"6 Victoria Parade, London SE10 9FR, UK",020 8418 3609,https://liferesidential.co.uk/contact-us/greenwich-estate-agents/?utm_source=gmb&utm_medium=organic&utm_campaign=greenwich,4.7,463,,OPERATIONAL,,ChIJs_cBOI4CdkgR2zlKdqCjG4E,residential property,2025-09-17T17:00:25.524533
Abby Homes - Letting & Property Management Since 2012,"3 Pepper St, London E14 9RB, UK",020 7538 4411,http://www.abbyhomes.co.uk/,4.4,62,,OPERATIONAL,,ChIJbXa4ytsDdkgRZuflw4235rg,residential property,2025-09-17T17:00:25.684423
Spencer James Residential,"8a Hartlepool Ct, London E16 2RL, UK",020 7474 3636,http://www.spencer-james.co.uk/,4.4,191,,OPERATIONAL,,ChIJOYaiciEFdkgRzfvD9R7p9yY,residential property,2025-09-17T17:00:25.897328
Residential Links Estate Agents (Aldgate),"Duru House, 101 Commercial Rd, London E1 1RD, UK",020 7193 8040,http://www.residentiallinks.co.uk/,4.8,33,,OPERATIONAL,,ChIJSdPcytMFdkgRzUT61dtmWRc,residential property,2025-09-17T17:00:26.122949
BK Property Management Services - Guaranteed Rent,"136 Katherine Rd, London E6 1ER, UK",020 8470 1420,https://www.bkpropertymanagementservices.com/,5.0,24,,OPERATIONAL,,ChIJvdjKLQCn2EcRqrfM2cQeXtc,residential property,2025-09-17T17:00:26.339286
Circa Residential Property Ltd,"144 George Ln, London E18 1AY, UK",020 8536 4480,http://www.circaproperty.co.uk/,3.4,56,,OPERATIONAL,,ChIJAbbtCTan2EcRVUsl1mgKZNQ,residential property,2025-09-17T17:00:26.523035
Reality Properties | Guaranteed Rents | Multi-Award Winning | Commercial & Residential,"9 The Broadway, Woodford, Woodford Green IG8 0HL, UK",020 3355 0908,http://realityproperties.co.uk/,5.0,81,,OPERATIONAL,,ChIJn_gyus-g2EcRciwIRj5vPbg,residential property,2025-09-17T17:00:26.726892
Campbell Residential,"66, Cannon Workshops, Cannon Dr, London E14 4AS, UK",020 7510 1004,http://campbellresidential.co.uk/,4.4,51,,OPERATIONAL,,ChIJxd0EgrwCdkgRetqh5yz4RU4,residential property,2025-09-17T17:00:26.940994
Let Sell Property ltd,"115 Green St, London E7 8JF, UK",020 8396 4000,http://www.letsellproperty.co.uk/,4.7,68,,OPERATIONAL,,ChIJr5H6iJ2m2EcRZ5ndildTvqM,residential property,2025-09-17T17:00:27.092538
Goldman Greg Estate Agency & Housing Management Services,"143 Leman St, London E1 8EY, UK",020 7977 0018,http://www.goldmangreg.co.uk/,4.9,156,,OPERATIONAL,,ChIJQf4uGHMDdkgRNiqYLkKScEE,residential property,2025-09-17T17:00:27.249682
Countrywide Commercial | Commercial Property Agents in Essex,"Connaught House, Broomhill Rd, Woodford, Woodford Green IG8 0XR, UK",020 8506 9900,https://www.countrywidecomm.co.uk/?utm_source=localmaps&utm_medium=gbp&utm_campaign=Essex,4.9,53,,OPERATIONAL,,ChIJxxucYkCn2EcR6L7o_BBxcbk,commercial property,2025-09-17T17:00:27.996398
Kevin & Co. Sales & Letting Agents,"The Oxygen, 18 Western Gateway, London E16 1BL, UK",,https://kevinandco.uk/,4.9,231,,OPERATIONAL,,ChIJTUsu-Man2EcRNQ69BFQi0zs,commercial property,2025-09-17T17:00:28.177112
Occupa Commercial Property Consultants Mayfair,"1-6 Yarmouth Pl, London W1J 7BU, UK",020 7100 7500,http://www.occupa.co.uk/,5.0,55,,OPERATIONAL,,ChIJFepCtCgFdkgRaMuWbC7AIBM,commercial property,2025-09-17T17:00:28.338528
Icon Properties,"Central House, 103 Central Park Rd, London E6 3DW, UK",020 8472 0000,http://www.iconproperties.co.uk/,4.7,19,,OPERATIONAL,,ChIJJYuw0PcPdkgRVR5FCKDT2j0,commercial property,2025-09-17T17:00:28.508268
Alex Martin Commercial,"Alpha House, 100 Borough High St, London SE1 1LB, UK",020 7100 2348,http://alexmartin.co.uk/,4.8,31,,OPERATIONAL,,ChIJ1dniaVkDdkgRYf77KJ2VG04,commercial property,2025-09-17T17:00:28.696625
Tuckerman Commercial Ltd,"14 Queen Anne's Gate, London SW1H 9AA, UK",020 7222 5511,http://www.tuckerman.co.uk/,5.0,10,,OPERATIONAL,,ChIJKYnOjcIEdkgRgWB8U__OA7w,commercial property,2025-09-17T17:00:28.961104
Victor Michael Sales And Lettings Estate Agents in Stratford / East London,"74 Leytonstone Rd, London E15 1SQ, UK",020 8519 2000,http://www.victormichael.com/,4.6,217,,OPERATIONAL,,ChIJRxJChoan2EcR8tzckAXZYpM,commercial property,2025-09-17T17:00:29.111658
Acorn Commercial & Development Division Bromley,"9 St Mark's Rd, Bromley BR2 9HG, UK",020 8315 5454,https://www.acorngroup.co.uk/commercial?utm_source=localmaps&utm_medium=gbp&utm_campaign=gmb_commercial_bromley,4.9,79,,OPERATIONAL,,ChIJZWLnYWuq2EcRi4Oeams6nvo,commercial property,2025-09-17T17:00:29.299895
Whozoo,"Unit 2, 2 Delacourt Rd, London SE3 8XA, UK",0333 200 8330,http://www.whozoo.co.uk/,4.8,55,,OPERATIONAL,,ChIJefqUX40FdkgRky8Cu2JQIfo,commercial property,2025-09-17T17:00:29.534063
John Payne Commercial,"7 Hare and Billet Rd, Blackheath, London SE3 0RB, UK",020 8852 6125,http://www.johnpaynecommercial.com/,4.5,34,,OPERATIONAL,,ChIJUdAzJNSp2EcRsy5Yttxrnd0,commercial property,2025-09-17T17:00:29.722264
RNS Homes,"17 Boundary Rd, London E13 9PS, UK",020 3026 4428,https://rns-homes.com/,4.8,26,,OPERATIONAL,,ChIJd0fVRqyn2EcReWenpLgl9M0,commercial property,2025-09-17T17:00:29.875916
Nationwide Residential & Commercial,"200 High Rd, Woodford, Woodford Green IG8 9EF, UK",020 3096 1496,http://www.nrandc.co.uk/,4.6,18,,OPERATIONAL,,ChIJzVxA3LSg2EcRulBtlAlx8cM,commercial property,2025-09-17T17:00:30.070669
Acorn Commercial Division London,"120 Bermondsey St, London SE1 3TX, UK",020 7089 6555,https://www.acorngroup.co.uk/commercial?utm_source=localmaps&utm_medium=gbp&utm_campaign=gmb_commercial_london,4.9,11,,OPERATIONAL,,ChIJX7xKsUQDdkgR915YTUHLPhs,commercial property,2025-09-17T17:00:30.255642
Greater London Commercial - Commercial Estate Agents (East London),"16 Wheatsheaf Rd, Romford RM1 2HD, UK",07886 584520,https://greaterlondoncommercial.co.uk/?utm_source=google&utm_medium=organic&utm_campaign=googlemybusiness,5.0,5,,OPERATIONAL,,ChIJA8Vuhc2l2EcRRnBq554TAJw,commercial property,2025-09-17T17:00:30.530465
McDowalls,"54-56 Barking Rd, London E6 3BP, UK",020 8472 4422,http://www.mcdowalls.com/,4.3,107,,OPERATIONAL,,ChIJi6FkrM6n2EcRDzxtO0ap6Y4,commercial property,2025-09-17T17:00:30.726946
Claridges Commercial Property Consultants,"Connaught House, Broomhill Rd, Woodford, Woodford Green IG8 0XR, UK",020 8559 1122,http://www.claridges-commercial.co.uk/,4.1,47,,OPERATIONAL,,ChIJM5cz7reg2EcRfHG68lRF7wo,commercial property,2025-09-17T17:00:30.912280
Field & Sons Commercial,"54 Borough High St, London SE1 1XL, UK",020 7234 9639,https://www.fieldandsons.biz/,2.6,5,,OPERATIONAL,,ChIJWVqEOkYDdkgRPqRUrTR6yMU,commercial property,2025-09-17T17:00:31.158098
The Langham Estate - Commercial Property Management in London,"9A Margaret St, London W1W 8RJ, UK",020 7580 5656,https://langhamestate.com/?utm_source=google&utm_medium=organic&utm_campaign=gbp-listing,5.0,2,,OPERATIONAL,,ChIJj7628yobdkgRFftnZ7MWjCs,commercial property,2025-09-17T17:00:31.350934
Stirling and Co Residential,"29 Upton Ln, London E7 9PA, UK",020 8548 0449,http://www.stirlingco.com/,4.9,30,,OPERATIONAL,,ChIJI0VPZf6n2EcReWOlW3f9gn8,commercial property,2025-09-17T17:00:31.581287
MJ Finn Commercial,"11 Devonshire Mews, Chiswick, London W4 2HA, UK",020 8995 5678,https://www.mjfinncommercial.co.uk/,4.6,37,,OPERATIONAL,,ChIJLyBJUkAOdkgRFuWwR4Ih6bk,commercial property,2025-09-17T17:00:31.765394
Flambard Williams,"30 Churchill Pl, London E14 5RE, UK",020 7183 0646,https://www.flambardwilliams.co.uk/,4.7,183,,OPERATIONAL,,ChIJCV5YLNTr2EcRYz3R-T5lj_g,property investment,2025-09-17T17:00:32.412219
Alesco Investment Properties Ltd,"Prospero House, 241 Borough High St, London SE1 1GA, UK",020 3819 7366,http://www.alescoproperty.com/,4.4,193,,OPERATIONAL,,ChIJmZ64XYYFdkgRtE9e8LHNkro,property investment,2025-09-17T17:00:32.628440
Gladfish Property,"125 Kingsway, London WC1V 7BF, UK",020 7923 6100,https://www.gladfish.com/,4.8,45,,OPERATIONAL,,ChIJM54PKHwRdkgRlM7y31URMmE,property investment,2025-09-17T17:00:32.816424
Track Capital,"30 Churchill Pl, London E14 5RE, UK",020 3627 3987,https://www.trackcapital.co.uk/,4.9,48,,OPERATIONAL,,ChIJk6XVVdcddkgR0Fz17YRnAr8,property investment,2025-09-17T17:00:33.002748
AJ investment management LTD,"324 Barking Rd, London E13 8HL, UK",07915 394595,https://ajlondonrentals.co.uk/,5.0,1,,OPERATIONAL,,ChIJd5k_nQ-n2EcRKoMARVx4LIQ,property investment,2025-09-17T17:00:33.217178
Invicta Investment Properties LTD,"Prospero House, 241 Borough High St, London SE1 1GA, UK",020 3911 5895,http://www.invictaproperty.com/,4.6,53,,OPERATIONAL,,ChIJn3FCaooDdkgRxexS4502gr8,property investment,2025-09-17T17:00:33.420414
RWinvest London,"46 New Broad St, London EC2M 1JH, UK",020 3889 0620,https://www.rw-invest.com/,4.4,154,,OPERATIONAL,,ChIJq6qqfUUDdkgR9CTagYVVSOU,property investment,2025-09-17T17:00:33.673055
Acorn Property Invest,"52 Park Rd, London N8 8SX, UK",020 3858 9881,http://www.acornpropertyinvest.com/,4.4,14,,OPERATIONAL,,ChIJxQCjlH8bdkgRQB0vCEN_2dE,property investment,2025-09-17T17:00:33.848084
1407 Properties Ltd - Property Investment Sourcing,"20-22 Wenlock Rd, London N1 7GU, UK",020 8050 3509,http://www.1407properties.com/?utm_source=google&utm_medium=wix_google_business_profile&utm_campaign=3529951587194181225,5.0,16,,OPERATIONAL,,ChIJzVFoUvctlCgRi-XPYeF85dM,property investment,2025-09-17T17:00:34.032794
Empty Property Hunters,"Mainyard Studios, 102 Rookery Ct, London E10 5FA, UK",020 3101 2627,https://www.emptypropertyhunters.co.uk/,5.0,100,,OPERATIONAL,,ChIJgSDsX_gbdkgRN0bPu2kxdj0,property investment,2025-09-17T17:00:34.274470
Thirlmere Deacon,"Lansdowne House, Berkeley Square, London W1J 6ER, UK",020 8044 0744,https://tdpropertyinvestment.com/,4.6,27,,OPERATIONAL,,ChIJV-na2yAbdkgRIs5Tl_iMrio,property investment,2025-09-17T17:00:34.476482
Best Property Investments,"International House, 24 Holborn Viaduct, London EC1A 2BN, UK",020 3916 5664,https://bestproperty.investments/,0.0,0,,OPERATIONAL,,ChIJt5H3GcgbdkgRsa3FlEKiBjU,property investment,2025-09-17T17:00:34.721598
Finlock Property Investment Ltd,"33 St James's Square, London SW1Y 4JS, UK",020 8095 0205,http://www.finlockproperty.com/,5.0,26,,OPERATIONAL,,ChIJ5Ta82ysFdkgRMT7dMIG6XZg,property investment,2025-09-17T17:00:34.954842
Let Sell Property ltd,"115 Green St, London E7 8JF, UK",020 8396 4000,http://www.letsellproperty.co.uk/,4.7,68,,OPERATIONAL,,ChIJr5H6iJ2m2EcRZ5ndildTvqM,property investment,2025-09-17T17:00:35.121037
Charles William Property Investment Ltd,"8 Devonshire Square, London EC2M 4PL, UK",020 8004 0880,http://www.charles-william.co.uk/,3.7,15,,OPERATIONAL,,ChIJEdoMsModdkgRPdaXp-8FJzo,property investment,2025-09-17T17:00:35.315535
My Property Organiser,"10 George St, London E14 9RS, UK",,http://www.mypropertyorganiser.com/,5.0,6,,OPERATIONAL,,ChIJlRAETm8n_CERkOGVwT8owQw,property investment,2025-09-17T17:00:35.500678
Red Cardinal Property Investment Limited,"33 Cavendish Square, London W1G 0PW, UK",020 3386 9750,http://redcardinal.co.uk/,5.0,15,,OPERATIONAL,,ChIJAws-h_QFdkgRs1L3kWUWKos,property investment,2025-09-17T17:00:35.772484
Hunter Jones Group,"Level 7, One, Canada Square, London E14 5AA, UK",020 7117 2913,https://www.hunterjonesgroup.com/,3.3,39,,OPERATIONAL,,ChIJI8OZZsACdkgRlQhamVvFoyA,property investment,2025-09-17T17:00:35.956827
Source Investments,"10 York Rd, London SE1 7DN, UK",020 8895 6128,http://www.sourceinvestments.com/,5.0,15,,OPERATIONAL,,ChIJLUyr5qQFdkgRjheFfp9hqk8,property investment,2025-09-17T17:00:36.138791
PLMD GROUP LTD,"30 Penny Brookes St, London E15 1GP, UK",07557 646000,https://plmdgroup.co.uk/,4.0,42,,OPERATIONAL,,ChIJyXmtwLum2EcRt2kjnWfUadw,property investment,2025-09-17T17:00:36.398332
Raj Properties Limited,"12 Green St, London E7 8BZ, UK",020 8472 6869,https://ajayajay6.wixsite.com/raj-home,4.3,38,,OPERATIONAL,,ChIJxXvoM7un2EcRFFncepENkx4,property development,2025-09-17T17:00:37.197319
TwelveTrees Park by Berkeley,"Sales & Marketing Suite, Manor Rd, London E15 3FQ, UK",020 3040 3280,https://www.berkeleygroup.co.uk/developments/london/west-ham/twelvetrees-park?utm_source=mybusiness&utm_medium=organic&utm_campaign=GMB,4.8,4,,OPERATIONAL,,ChIJp4YUSKen2EcRoE93k-rJJB0,property development,2025-09-17T17:00:37.457449
Knight Dragon,"level 9, 6 Mitre Passage, London SE10 0ER, UK",020 3713 6100,http://knightdragon.com/,4.1,56,,OPERATIONAL,,ChIJR8OIZRyo2EcR1HuHT33BGAk,property development,2025-09-17T17:00:37.640721
Selby Estates & Developments Ltd,"Suite, 3rd floor, 225 Marsh Wall, London E14 9FW, UK",020 7971 1219,http://selbyestates.info/,5.0,2,,OPERATIONAL,,ChIJB9t6UrsCdkgRKFhQKjVTWq4,property development,2025-09-17T17:00:37.873845
Kensington Dexter Property Development,"Pavilion Kensington | Offices & Members Club, 96 Kensington High St, London W8 4SG, UK",020 7795 6997,,5.0,10,,OPERATIONAL,,ChIJhQQn4PYPdkgRN_MRZkdVDS8,property development,2025-09-17T17:00:38.069178
Forge Hill Property Development,"Gemma House, 39 Lilestone St, London NW8 8SS, UK",01306 302313,https://www.forgehillpropertydevelopment.co.uk/,5.0,10,,OPERATIONAL,,ChIJvUo53UvpdUgRgpv0zcuJ17o,property development,2025-09-17T17:00:38.251809
UK Property Development,"The Stables, Woodlands, Goffs Oak, Waltham Cross EN7 5NF, UK",01707 515100,http://ukpropertydevelopment.com/,0.0,0,,OPERATIONAL,,ChIJmbJ_ee0hdkgR1sxuRiCxLL0,property development,2025-09-17T17:00:38.443977
Berkeley: Heron Wharf,"141 Leven Rd, Aberfeldy Village, London E14 0LL, UK",020 3326 2617,https://www.berkeleygroup.co.uk/developments/london/poplar/heron-wharf?utm_medium=organic&utm_source=google&utm_campaign=022214_hwgooglemybusiness,4.2,12,,OPERATIONAL,,ChIJB7OYNH4ddkgRXCjWFN7DR3Q,property development,2025-09-17T17:00:38.622215
London Property Developments,"57 Queens Rd, London E17 8QR, UK",020 8521 5819,,3.0,1,,OPERATIONAL,,ChIJA-zSu-oddkgRVhENaBW0hF8,property development,2025-09-17T17:00:38.802712
Caswell&Dainow,"Unit 54, Omega Works, 4 Roach Rd, Fish Island, London E3 2PD, UK",020 7971 1226,http://www.caswellanddainow.com/,5.0,31,,OPERATIONAL,,ChIJ367ks9YddkgRo-4t5TUh7mU,property development,2025-09-17T17:00:38.995479
Visu Verum | Luxury Property Developer | Surrey and London UK,"559a King's Rd, London SW6 2EB, UK",020 7183 9683,http://www.visuverum.com/,4.6,16,,OPERATIONAL,,ChIJAWUWf84IdkgRxKj9ZMe1H50,property development,2025-09-17T17:00:39.182029
Azad properties development Ltd,"708 Lea Bridge Rd, London E10 6AW, UK",07542 373715,,5.0,2,,OPERATIONAL,,ChIJx_oZCWIddkgRqxvWT0_mNF8,property development,2025-09-17T17:00:39.448241
Clearview Developments,"8 Hill St, London W1J 5NG, UK",0333 444 2220,http://www.clearviewdevelopments.co.uk/,5.0,7,,OPERATIONAL,,ChIJNwBACjcMdkgRZy2WBuSPeNc,property development,2025-09-17T17:00:39.636201
Fruition Properties,"31, 35 Kirby St, London EC1N 8TE, UK",020 3828 0100,http://www.fruitionproperties.co.uk/,3.1,11,,OPERATIONAL,,ChIJc3FVeMMRdkgRdBiyPSJY_7Q,property development,2025-09-17T17:00:39.826705
D K Developments London,"71-75 Shelton St, London WC2H 9JQ, UK",020 3397 7077,https://dkdevelopments.co.uk/,5.0,6,,OPERATIONAL,,ChIJo5zV8fw3pAMRTb8xBkX9dUA,property development,2025-09-17T17:00:40.053367
Acres property development,"Located inside Hipro shop, 250 Hertford Rd, London, Enfield EN3 5BL, UK",07984 503336,http://www.acrespd.co.uk/,5.0,12,,OPERATIONAL,,ChIJSa8DUgAfdkgRjaXJCZEKA-c,property development,2025-09-17T17:00:40.241429
Ballymore Docklands,"161 Marsh Wall, London E14 9SJ, UK",020 7510 9100,https://www.ballymoregroup.com/,3.1,88,,OPERATIONAL,,ChIJQTFRDL4CdkgRxt0th8TDCWs,property development,2025-09-17T17:00:40.495896
Mountbatten Estates - Property Development,"124 City Rd, London EC1V 2NX, UK",020 7788 7939,https://www.mountbattenestates.co.uk/,5.0,1,,OPERATIONAL,,ChIJC4WbdbkddkgR7N0It9DFHmM,property development,2025-09-17T17:00:40.697426
Archco Developments,"10 Rectory Ln, Loughton IG10 2RL, UK",020 8502 2095,http://archco.co.uk/,5.0,7,,OPERATIONAL,,ChIJL_t-B5uh2EcR864mHd379G4,property development,2025-09-17T17:00:40.915847
CORE,"8 Frederick's Pl, London EC2R 8AB, UK",020 7814 1000,http://www.co-re.co.uk/,5.0,2,,OPERATIONAL,,ChIJCz1ZEVMDdkgRk_vLig-lQvk,property development,2025-09-17T17:00:41.093792
BK Property Management Services - Guaranteed Rent,"136 Katherine Rd, London E6 1ER, UK",020 8470 1420,https://www.bkpropertymanagementservices.com/,5.0,24,,OPERATIONAL,,ChIJvdjKLQCn2EcRqrfM2cQeXtc,property services,2025-09-17T17:00:41.650402
City Properties Services,"311 High St N, London E12 6SL, UK",020 8548 4343,,4.6,11,,OPERATIONAL,,ChIJ0zceYEym2EcRlsYnKuZw9NU,property services,2025-09-17T17:00:41.858803
Eastview Property Services,"134 Barking Rd, London E6 3BD, UK",020 8552 1100,,3.7,9,,OPERATIONAL,,ChIJ81C3e8un2EcROTxDHaWJAC8,property services,2025-09-17T17:00:42.070430
SC Property Management Services,"Jhumat House, 160 London Rd, Barking IG11 8BB, UK",020 8214 1110,https://scpropertymanagementservices.com/,4.9,10,,OPERATIONAL,,ChIJ3UcHBl-n2EcRN4yfu1tagCc,property services,2025-09-17T17:00:42.226178
Bex Property Services Ltd,"Appleby Rd, London E16 1LQ, UK",07951 035196,http://www.bexps.co.uk/,5.0,70,,OPERATIONAL,,ChIJfyVRUWCp2EcRWkLOMx42VBc,property services,2025-09-17T17:00:42.402363
East London Property Services Ltd,"Custom House, 10 Munday Rd, London E16 3QA, UK",020 7511 1240,http://www.eastlondonpropertyservices.com/,5.0,2,,OPERATIONAL,,ChIJRy4g8KWp2EcRHBdJejUJc0E,property services,2025-09-17T17:00:42.668172
Direct Property Services (DPS),"170 High St N, London E6 2JA, UK",020 8472 4447,,3.3,16,,OPERATIONAL,,ChIJz5uDOEqm2EcRqgzS8zKp0sU,property services,2025-09-17T17:00:42.851132
E V Property Services,"57 St Quintin Rd, London E13 9DT, UK",07894 098020,,5.0,2,,OPERATIONAL,,ChIJHRsHfsOn2EcRBJISF5bvVDs,property services,2025-09-17T17:00:43.119948
Stratford Property maintenance Services,"21a Broadway, London E15 4BQ, UK",,,5.0,1,,OPERATIONAL,,ChIJW9zFKACn2EcRRxH6E7QLRHc,property services,2025-09-17T17:00:43.302701
Oaktree Property Services,"572-574 Romford Rd, London E12 5AF, UK",020 3488 3116,,5.0,7,,OPERATIONAL,,ChIJ1U_7vjen2EcRbC-kllJLqtE,property services,2025-09-17T17:00:43.492587
Sara Property Services,"1A Thorpe Rd, London E6 2HS, UK",020 8470 0033,,4.7,3,,OPERATIONAL,,ChIJe3WeRjam2EcRJEfN_-EIFXs,property services,2025-09-17T17:00:43.700746
Key2Key Property Management,"120 Upton Ln, London E7 9LW, UK",020 8552 4777,http://www.key2keyproperties.com/,4.8,155,,OPERATIONAL,,ChIJTTTdtL2n2EcREeXyaw0MU4E,property services,2025-09-17T17:00:43.861523
Property Hub Services Ltd,"Beaufort Court, Admirals Way, London E14 9XL, UK",020 3950 3805,https://www.phubservices.com/,5.0,11,,OPERATIONAL,,ChIJ2QgLAG8DdkgRo15VBksGkOo,property services,2025-09-17T17:00:44.047275
Upton Park Property Maintenance Services,"11 Raymond Rd, London E13 9AP, UK",,,0.0,0,,OPERATIONAL,,ChIJ4TMrCQCn2EcRkl4KgsaeEB4,property services,2025-09-17T17:00:44.218664
Saji Property Services Ltd,"196 Shrewsbury Rd, London E7 8QJ, UK",020 8471 1444,http://www.sajiproperty.com/,4.4,27,,OPERATIONAL,,ChIJ2ffewbOn2EcRWTFfzeErZjo,property services,2025-09-17T17:00:44.409053
Open House Property Service,"252-262 Romford Road 405 Kalam House, London E7 9HZ, UK",020 8092 6020,http://www.ohpropertyservice.co.uk/,4.5,20,,OPERATIONAL,,ChIJz7lHmhmn2EcRO4dJchNnmmQ,property services,2025-09-17T17:00:44.588634
One Point Services Ltd,"329-333 High St, London E15 2TF, UK",020 3095 0959,https://www.onepointservices.co.uk/,5.0,24,,OPERATIONAL,,ChIJOa4aZ2AddkgRD3Qp2N8EGc8,property services,2025-09-17T17:00:44.786073
Bismilla Property Ltd,"747 Barking Rd, London E13 9ER, UK",020 8586 6779,https://bismillaproperty.com/,4.5,18,,OPERATIONAL,,ChIJCatAOM-n2EcR_e2I2mTN_2Q,property services,2025-09-17T17:00:44.939400
One Property Shop,"Office 638, 26 Cheering Ln, East Village, London E20 1BD, UK",020 3490 1101,http://www.onepropertyshop.co.uk/,5.0,42,,OPERATIONAL,,ChIJc-okk4EddkgRUipJEpvVdxk,property services,2025-09-17T17:00:45.216275
Eastway Property Services,"740 High Rd Leytonstone, Bushwood, London E11 3AW, UK",020 8539 5615,,4.3,47,,OPERATIONAL,,ChIJD0X_qW-n2EcRFSJQZy5tkk8,property services,2025-09-17T17:00:45.398109
TheAdvisory,"County House, Cornwall Ave, Church End, London N3 1LF, UK",020 3858 9903,http://www.theadvisory.co.uk/,5.0,117,,OPERATIONAL,,ChIJIzXtGlYXdkgRMDjoE31nGuQ,property advisors,2025-09-17T17:00:46.024511
Alex Goldstein Property Consultants,"4 Old Park Ln, London W1K 1QW, UK",020 3714 5910,https://www.alexgoldstein.co.uk/,5.0,9,,OPERATIONAL,,ChIJPWBQrc4adkgRJ4f4FZN93QM,property advisors,2025-09-17T17:00:46.265966
Property Advisors Ltd,"Level 1, One, Devonshire House, Mayfair Pl, London W1J 8AJ, UK",020 3205 7388,,0.0,0,,OPERATIONAL,,ChIJwdtO6BwFdkgRWj_puOqPMRk,property advisors,2025-09-17T17:00:46.426565
PROPERTY CONSULTANTS GROUP,"71-75 Shelton St, London WC2H 9JQ, UK",0330 390 3533,http://propertyconsultantsgroup.co.uk/,5.0,1,,OPERATIONAL,,ChIJCZckwcwEdkgRPIw91t9iGKM,property advisors,2025-09-17T17:00:46.579137
Barrain London Estate Agents,"10 Mahindra Wy., London E6 5AQ, UK",020 3780 7991,https://barrain.co.uk/,5.0,24,,OPERATIONAL,,ChIJwYW5OGyn2EcRh5vJq4JhUjo,property advisors,2025-09-17T17:00:46.733355
Helix Property Advisors,"6 Arne St, London WC2E 9FE, UK",020 7495 2434,http://www.helixproperty.co.uk/,3.7,3,,OPERATIONAL,,ChIJ2XdyhDIFdkgRFPHBEYIMhF0,property advisors,2025-09-17T17:00:46.921625
Core London Property Advisors,"Saunders House, 52-53 The Mall, London W5 3TA, UK",020 8226 5050,http://core.london/,4.9,52,,OPERATIONAL,,ChIJa36rXV0NdkgR8Asm80EJqy4,property advisors,2025-09-17T17:00:47.178526
Summit Property Advisors,"53 Welbeck St, London W1G 9XR, UK",020 7486 6655,https://www.summitpa.com/,0.0,0,,OPERATIONAL,,ChIJL5uITdIadkgRxNhd2aWWY9M,property advisors,2025-09-17T17:00:47.348509
Middleton Advisors,"50 Sloane Ave, London SW3 3DD, UK",020 7370 4242,https://middletonadvisors.com/,4.7,13,,OPERATIONAL,,ChIJfwJe7S4FdkgRNRsFCf0t0MA,property advisors,2025-09-17T17:00:47.535590
Fortuna And Co.,"Pavilion Kensington, 96 Kensington High St, London W8 4SG, UK",020 4537 8140,https://www.fortunaandcompany.com/,4.9,45,,OPERATIONAL,,ChIJMZHUTUoFdkgRlMSzVPEsXOg,property advisors,2025-09-17T17:00:47.770502
Welbeck Real Estate Advisors,"122 Wigmore St, London W1U 3RY, UK",020 3161 4222,https://www.welbeckre.com/,0.0,0,,OPERATIONAL,,ChIJoac8Q2YbdkgR3DvOFmNjDOw,property advisors,2025-09-17T17:00:47.943781
FMX Urban Property Advisers,"4th Floor, 41-43 Maddox St, London W1S 2PD, UK",020 3130 4650,http://www.fmx.co.uk/,5.0,1,,OPERATIONAL,,ChIJ0Ybn_ioFdkgRDGnuwqeQrIQ,property advisors,2025-09-17T17:00:48.117722
Ekistics Property Advisors LLP,"5 Hanover Square, London W1S 1HE, UK",020 7016 3070,http://ekisticsproperty.com/,5.0,1,,OPERATIONAL,,ChIJdZiNRCwFdkgRPl6XIkkPiO4,property advisors,2025-09-17T17:00:48.305836
Barrain London Canary Wharf Estate Agents,"6 Millharbour, Watergate Walk, London E14 9XH, UK",020 3780 7991,https://barrain.co.uk/,5.0,124,,OPERATIONAL,,ChIJBR1Y-lkFdkgR_gPqmZw8j5o,property advisors,2025-09-17T17:00:48.500956
Rivera Property Consultants,"Piccadilly Chambers, Dudley House, 169 Piccadilly, London W1J 9EH, UK",020 7998 3504,http://riverapropertyconsultants.com/,5.0,16,,OPERATIONAL,,ChIJT0PU9CoFdkgRoE6kBQyXEgg,property advisors,2025-09-17T17:00:48.656995
RFR | The Buyer's Advisor,"Highfield House, 4 Woodfall St, London SW3 4DJ, UK",020 3871 5800,http://www.rfrproperty.com/,5.0,1,,OPERATIONAL,,ChIJjQXu9xIFdkgRIrP0MrhTI0M,property advisors,2025-09-17T17:00:48.832090
ADS Real Estate Advisors,"10 Gee's Ct, London W1U 1JJ, UK",020 3418 2000,http://adsre.co.uk/,0.0,0,,OPERATIONAL,,ChIJgQlOFisFdkgRwUIwGpjnTVk,property advisors,2025-09-17T17:00:48.994826
O'Sullivan Property Consultants,"96 Seymour Pl, London W1H 1NB, UK",020 7099 0800,http://www.osullivanproperty.co.uk/,4.8,56,,OPERATIONAL,,ChIJ0xlJBysFdkgRu3SRyVqCBrI,property advisors,2025-09-17T17:00:49.152941
Legacy Property Consultants,"10-11, Barkat House, 116-118 Finchley Rd, South Hampstead, London NW3 5HT, UK",020 7433 2523,http://www.legacypcl.co.uk/,5.0,220,,OPERATIONAL,,ChIJAyR5LIUadkgRaTgBjcxA87M,property advisors,2025-09-17T17:00:49.323316
LT Property Consultancy,"4 Cavendish Square, London W1G 0PG, UK",020 3375 6329,http://www.ltpropertyconsultancy.com/,5.0,10,,OPERATIONAL,,ChIJs-Z5faEbdkgRJXJahNc1feM,property advisors,2025-09-17T17:00:49.523516
The Property Specialists | Estate agents in Billericay,"135 High St, Billericay CM12 9AB, UK",01277 654446,https://www.thepropertyspecialists.co.uk/?utm_source=localmaps&utm_medium=gbp&utm_campaign=billericay,5.0,117,,OPERATIONAL,,ChIJhRBZueTA2EcRLsDsXI_k7FA,property specialists,2025-09-17T17:00:50.081498
base property specialists - London's experts at letting & property management,"3 Garden Walk, London EC2A 3EQ, UK",020 7033 1901,https://www.baseps.co.uk/,5.0,105,,OPERATIONAL,,ChIJS-fnqrocdkgRDwdKmsYYOkw,property specialists,2025-09-17T17:00:50.326059
S&J property specialist ltd,"20-22 Wenlock Rd, London N1 7GU, UK",07359 772672,http://www.sjpropertyrefurbs.com/,5.0,9,,OPERATIONAL,,ChIJ7fDogUQddkgRqKIpFOxxGuA,property specialists,2025-09-17T17:00:50.549137
1st Property Management,"86-90 Paul St, London EC2A 4NE, UK",020 3984 9146,https://www.1stpropertymanagement.co.uk/,4.4,37,,OPERATIONAL,,ChIJzeQZG7McdkgRoWuuD9gbzGg,property specialists,2025-09-17T17:00:50.700242
Fenners Property Specialists,"SOUTH KENSINGTON STATION ARCADE, South Kensington, London SW7 2NA, UK",020 8133 5781,http://www.fennersproperty.co.uk/,4.9,66,,OPERATIONAL,,ChIJAQDQnkIFdkgRlTzLFcwHYDE,property specialists,2025-09-17T17:00:50.920096
1st Property Specialists,"Dalton House, 60 Windsor Ave, London SW19 2RR, UK",07534 064281,http://www.firstpropertyspecialists.co.uk/,5.0,4,,OPERATIONAL,,ChIJwaj9XHsHdkgR-DaF-GC3wT0,property specialists,2025-09-17T17:00:51.106143
IT PROPERTY SPECIALISTS LTD,"19 Shad Thames, London SE1 2YQ, UK",07405 450858,,0.0,0,,OPERATIONAL,,ChIJM8VFxoUDdkgRRL5uUxdMvzg,property specialists,2025-09-17T17:00:51.272542
The Property Expert,"STC House, 7 Elmfield Park, Bromley BR1 1LT, UK",07884 187114,http://www.thepropertyxp.com/,4.9,59,,OPERATIONAL,,ChIJhfOZhner2EcRckEt58v6P1w,property experts,2025-09-17T17:00:51.901721
THE REAL PROPERTY EXPERTS,"18 Bouverie Pl, Tyburnia, London W2 1RD, UK",020 7723 2393,https://www.trpe.co.uk/,4.5,49,,OPERATIONAL,,ChIJAQBQwTQFdkgRbqLmnEupDPc,property experts,2025-09-17T17:00:52.101791
Expert Property,"Kebbell House, Delta Gain, Watford WD19 5EF, UK",020 8428 7794,,3.4,38,,OPERATIONAL,,ChIJyZ7y8jFrdkgRE3ZM4EcqZrE,property experts,2025-09-17T17:00:52.297145
Property Care Experts Ltd,"12 Edison Wy, Dagenham RM9 6GH, UK",07553 079135,https://www.propertycareexpertsltd.co.uk/contact,5.0,9,,OPERATIONAL,,ChIJ8TODhmil2EcRUrWIIwVM9Hc,property experts,2025-09-17T17:00:52.504488
Expert Agent,"The Cooperage, 5 Copper Row, London SE1 2LH, UK",01225 303500,http://www.expertagent.co.uk/,4.7,85,,OPERATIONAL,,ChIJ_5hcO38sckgRuggjig1l9IE,property experts,2025-09-17T17:00:52.691389
Purple Housing,"Unit 3 Dulcia Works, Herbert St, London E13 8BE, UK",020 3874 0445,http://www.purplehousing.co.uk/,4.0,4,,OPERATIONAL,,ChIJn43v0Omn2EcR1mzhwIEEYt8,property experts,2025-09-17T17:00:52.951083
Expert Estate Agents,"Square Root Business Centre, 102-116 Windmill Rd, Croydon CR0 2XQ, UK",020 8656 8888,https://www.expertestateagents.co.uk/,4.6,45,,OPERATIONAL,,ChIJmemNKLIBdkgR9wnLWffcdiA,property experts,2025-09-17T17:00:53.154870
base property specialists - London's experts at letting & property management,"3 Garden Walk, London EC2A 3EQ, UK",020 7033 1901,https://www.baseps.co.uk/,5.0,105,,OPERATIONAL,,ChIJS-fnqrocdkgRDwdKmsYYOkw,property experts,2025-09-17T17:00:53.306711
Property Experts,"1 Mitcham Ln, Greater, London SW16 6LG, UK",020 8720 6901,https://propertyexperts.co.uk/about-us/,0.0,0,,OPERATIONAL,,ChIJ9WcL-oIGdkgRnJn3lUc3K6E,property experts,2025-09-17T17:00:53.526366
Property Marketing Experts Ltd,"63, 66 Hatton Garden, London EC1N 8LE, UK",07549 772542,http://www.propertymarketingexperts.ltd/,1.0,1,,OPERATIONAL,,ChIJx9L6U34bdkgR62sRfVLbmXs,property experts,2025-09-17T17:00:53.704250
French Property Experts,"31 Southampton Row, London WC1B 5HJ, UK",020 3356 9784,http://frenchproperty-experts.co.uk/,0.0,0,,CLOSED_TEMPORARILY,,ChIJ_fkjRjQbdkgR_FRqu7QZnhM,property experts,2025-09-17T17:00:53.867527
Real Estate Agents London,"75A Barking Rd, London E16 4HB, UK",020 7055 0441,https://realestateagentslondon.co.uk/,4.8,396,,OPERATIONAL,,ChIJjfZBDP2n2EcRoMW6UbBfGj0,property brokers,2025-09-17T17:00:54.569057
Let Sell Property ltd,"115 Green St, London E7 8JF, UK",020 8396 4000,http://www.letsellproperty.co.uk/,4.7,68,,OPERATIONAL,,ChIJr5H6iJ2m2EcRZ5ndildTvqM,property brokers,2025-09-17T17:00:54.731193
Estate Agents Royal Wharf,"6 Britannia Gate, London E16 1SA, UK",020 7183 5337,https://estateagentsroyalwharf.co.uk/,4.8,28,,OPERATIONAL,,ChIJjx03Sw6p2EcRFt0mjuF-Tks,property brokers,2025-09-17T17:00:54.913590
The London Broker,"12 Hay Hill, London W1J 8NR, UK",020 7193 9969,http://www.thelondonbroker.com/,3.1,11,,OPERATIONAL,,ChIJq6p6gikFdkgRg6rUvjpP30c,property brokers,2025-09-17T17:00:55.118831
Estate Agents Beckton,"98 Nightingale Way, London E6 5ZJ, UK",020 7183 8331,https://estateagentsbeckton.co.uk/,0.0,0,,OPERATIONAL,,ChIJGfnZsmen2EcRHV9k-nZebv0,property brokers,2025-09-17T17:00:55.296521
TYRON ASH INTERNATIONAL REAL ESTATE,"Berkeley Square House, Berkeley Square, London W1J 6BE, UK",0333 305 0656,https://tyronash.com/,4.6,351,,OPERATIONAL,,ChIJJx3nVikFdkgRqsWTEWv9n0Q,property brokers,2025-09-17T17:00:55.574459
Kingdom Property Agents Ltd,"91Katherine Road, London E6 1EW, UK",020 8821 0287,https://ukmapslocation.org/business/kingdom-property-agents-ltd-ol72tp,5.0,54,,OPERATIONAL,,ChIJicLUyMqn2EcRHRZfTn5uabI,property brokers,2025-09-17T17:00:55.727479
Ernest-Brooks International - London Estate Agency,"Sierra Quebec Bravo, 77 Marsh Wall, London E14 9SH, UK",020 3621 8881,http://www.ernest-brooks.com/,4.8,427,,OPERATIONAL,,ChIJGR1su7kCdkgRn3b1WdEZbrA,property brokers,2025-09-17T17:00:55.948367
Stonelink International,"Linen Hall, 162 - 168 Regent St., London W1B 5TH, UK",020 7993 4081,https://www.stonelinkinternational.com/,5.0,1,,OPERATIONAL,,ChIJia9qu5cFdkgRGGXWIONPXDo,property brokers,2025-09-17T17:00:56.166091
Proper Property Claims,"9, Citibase, Gunnery Terrace, Royal Arsenal, London SE18 6SW, UK",07946 153265,http://properpropertyclaims.co.uk/,5.0,1,,OPERATIONAL,,ChIJ_36y8cCo2EcR2OyUtvHb8xg,property brokers,2025-09-17T17:00:56.350322
Flambard Williams,"30 Churchill Pl, London E14 5RE, UK",020 7183 0646,https://www.flambardwilliams.co.uk/,4.7,183,,OPERATIONAL,,ChIJCV5YLNTr2EcRYz3R-T5lj_g,property brokers,2025-09-17T17:00:56.499801
Announce Property,"124 City Rd, London EC1V 2NX, UK",020 3488 7838,http://www.announceproperty.co.uk/,4.9,55,,OPERATIONAL,,ChIJlbRPZmQddkgR5uX62smbCfc,property brokers,2025-09-17T17:00:56.688707
London Property Shop,"132 Katherine Rd, London E6 1ER, UK",020 8548 1234,,4.2,12,,OPERATIONAL,,ChIJV_KIqMqn2EcRLFQnFjjoWpQ,property brokers,2025-09-17T17:00:56.865690
Maxwell Properties,"Docklands Business Centre, 10-16 Tiller Rd, London E14 8PX, UK",020 3763 6123,https://maxwellproperties.co.uk/,4.3,28,,OPERATIONAL,,ChIJOVRVZMACdkgR9wcGa7cURJM,property brokers,2025-09-17T17:00:57.145090
R L Morris Estate Agents,"32 High Rd, London E18 2QL, UK",020 3418 0777,http://www.rlmorrisproperty.co.uk/,4.7,53,,OPERATIONAL,,ChIJC34n8kmn2EcRZdhwJXa4JDE,property brokers,2025-09-17T17:00:57.333385
Black Brick Property Solutions LLP,"12 Hay Hill, London W1J 8NR, UK",020 3141 9861,http://www.black-brick.com/,4.3,12,,OPERATIONAL,,ChIJ9VVytisFdkgRz0TcHbjqpB8,property brokers,2025-09-17T17:00:57.517850
Brics Mortimer Silk Property Finders,"86-90 Paul St, London EC2A 4NE, UK",020 3633 0328,http://www.bricsmortimersilk.com/,5.0,2,,OPERATIONAL,,ChIJHzGK8PwJdkgR7yD4uqmymt0,property brokers,2025-09-17T17:00:57.758216
Raven Rose,"Albert House, 256-260 Old St, London EC1V 9DD, UK",020 7781 8550,http://ravenrose.co/,5.0,1,,CLOSED_TEMPORARILY,,ChIJcVxEeocddkgRJqh6jvJOxx8,property brokers,2025-09-17T17:00:57.934932
Independent Property Brokers,"3 More London Pl, London SE1 2RE, UK",020 3283 4172,,0.0,0,,OPERATIONAL,,ChIJI8V6fEUDdkgR5husRrH7d64,property brokers,2025-09-17T17:00:58.191152
Victor Michael Sales And Lettings Estate Agents in Stratford / East London,"74 Leytonstone Rd, London E15 1SQ, UK",020 8519 2000,http://www.victormichael.com/,4.6,217,,OPERATIONAL,,ChIJRxJChoan2EcR8tzckAXZYpM,property brokers,2025-09-17T17:00:58.358586
Kevin & Co. Sales & Letting Agents,"The Oxygen, 18 Western Gateway, London E16 1BL, UK",,https://kevinandco.uk/,4.9,231,,OPERATIONAL,,ChIJTUsu-Man2EcRNQ69BFQi0zs,property agents,2025-09-17T17:00:59.398193
Real Estate Agents London,"75A Barking Rd, London E16 4HB, UK",020 7055 0441,https://realestateagentslondon.co.uk/,4.8,396,,OPERATIONAL,,ChIJjfZBDP2n2EcRoMW6UbBfGj0,property agents,2025-09-17T17:00:59.642584
Kingdom Property Agents Ltd,"91Katherine Road, London E6 1EW, UK",020 8821 0287,https://ukmapslocation.org/business/kingdom-property-agents-ltd-ol72tp,5.0,54,,OPERATIONAL,,ChIJicLUyMqn2EcRHRZfTn5uabI,property agents,2025-09-17T17:00:59.802824
Harvey W James,"F1, 415 High St, London E15 4QZ, UK",020 3865 1500,https://www.harveywjames.com/,5.0,211,,OPERATIONAL,,ChIJE3YRc4qn2EcROhAhS9q0jMA,property agents,2025-09-17T17:00:59.964462
ARQ Homes,"355-357, Barking Rd, London E6 1LA, UK",020 8472 0011,http://www.arqhomes.co.uk/,4.9,233,,OPERATIONAL,,ChIJD6c4L76n2EcRXQpC9qGT_Gg,property agents,2025-09-17T17:01:00.117994
T J Miller,"148 Plashet Rd, London E13 0QS, UK",020 8514 7788,https://uklocation.org/business/t-j-miller-af90v0,4.8,64,,OPERATIONAL,,ChIJx_eB9Lin2EcRJKlUfqzEkB0,property agents,2025-09-17T17:01:00.363307
Key2Key Property Management,"120 Upton Ln, London E7 9LW, UK",020 8552 4777,http://www.key2keyproperties.com/,4.8,155,,OPERATIONAL,,ChIJTTTdtL2n2EcREeXyaw0MU4E,property agents,2025-09-17T17:01:00.513163
Alexander Rose Estates,"Stratford Workshops, 15 Burford Rd, London E15 2SP, UK",020 3051 9877,https://alexanderroseestates.co.uk/,5.0,115,,OPERATIONAL,,ChIJKVJDsVADdkgRGRdZEVsrktw,property agents,2025-09-17T17:01:00.671689
Shan Properties (UK) Ltd,"61 Plashet Grove, London E6 1AD, UK",020 8472 9993,https://shanproperties.co.uk/,4.7,332,,OPERATIONAL,,ChIJy418xren2EcRRyWx6ahlYDI,property agents,2025-09-17T17:01:00.852195
Hunters Estate & Letting Agents Plaistow,"272 Barking Rd, London E13 8HR, UK",020 7474 2345,https://www.hunters.com/office/plaistow?utm_source=google&utm_medium=local,4.6,190,,OPERATIONAL,,ChIJfyPNUuGn2EcRjyl-qGgxZYg,property agents,2025-09-17T17:01:01.009129
Stonebridge Estate Agents,"248 High St N, London E12 6SB, UK",020 8590 1499,http://www.stonebridgelondon.co.uk/,4.9,115,,OPERATIONAL,,ChIJ9aG4mkum2EcRGnLiTKipJvI,property agents,2025-09-17T17:01:01.169369
Let Sell Property ltd,"115 Green St, London E7 8JF, UK",020 8396 4000,http://www.letsellproperty.co.uk/,4.7,68,,OPERATIONAL,,ChIJr5H6iJ2m2EcRZ5ndildTvqM,property agents,2025-09-17T17:01:01.381116
Easymove Estate and Letting Agents | East London,"161 High St N, London E6 1JB, UK",020 8470 0007,http://www.easymoveea.com/,4.6,308,,OPERATIONAL,,ChIJwUPrSEqm2EcRbZv5UCaL6sA,property agents,2025-09-17T17:01:01.544116
Hawks | Estate Agents | East London,"71-73 W Ham Ln, London E15 4PH, UK",020 3002 6769,https://hawksestateagents.com/,4.5,106,,OPERATIONAL,,ChIJKYW0noun2EcR-tXBbLP5dmQ,property agents,2025-09-17T17:01:01.699507
David Daniels,"49C Leytonstone Rd, London E15 1JA, UK",020 8555 3521,http://www.daviddaniels.co.uk/,4.2,297,,OPERATIONAL,,ChIJQcFIVY-n2EcR1Yy9loVJ3ok,property agents,2025-09-17T17:01:01.904837
JLL Stratford Real Estate,"5 Station St, London E15 1LA, UK",020 3147 1500,https://residential.jll.co.uk/offices/estate-agent-stratford,4.7,451,,OPERATIONAL,,ChIJSQkxlWEddkgRsJQ2R3lwA2g,property agents,2025-09-17T17:01:02.064799
Thinq Homes,"130 Plashet Rd, London E13 0QS, UK",020 8548 4007,http://www.thinqhomes.com/,4.9,48,,OPERATIONAL,,ChIJNa2v7Lin2EcRha2cKYlJjpE,property agents,2025-09-17T17:01:02.225276
Reeds Rains Estate Agents Plaistow,"286 Barking Rd, London E13 8HR, UK",020 7474 9157,https://www.reedsrains.co.uk/estate-agent/plaistow?utm_source=google_my_business&utm_medium=organic&utm_campaign=RPLAI1,4.5,190,,OPERATIONAL,,ChIJLbUSTeGn2EcRK6GxMPi8mrw,property agents,2025-09-17T17:01:02.441235
Bismilla Property Ltd,"747 Barking Rd, London E13 9ER, UK",020 8586 6779,https://bismillaproperty.com/,4.5,18,,OPERATIONAL,,ChIJCatAOM-n2EcR_e2I2mTN_2Q,property agents,2025-09-17T17:01:02.639509
Manor Estate Agent,"420 High St N, London E12 6RH, UK",020 3500 9988,https://manorestateagent.co.uk/,4.9,95,,OPERATIONAL,,ChIJt2i7Piqn2EcRNvWISoLLS3Y,property agents,2025-09-17T17:01:02.913589
BK Property Management Services - Guaranteed Rent,"136 Katherine Rd, London E6 1ER, UK",020 8470 1420,https://www.bkpropertymanagementservices.com/,5.0,24,,OPERATIONAL,,ChIJvdjKLQCn2EcRqrfM2cQeXtc,property companies,2025-09-17T17:01:03.595231
Imperial Dragon Property Management,"30 Churchill Pl, London E14 5RE, UK",020 7096 0964,http://www.imperialdragonproperty.com/,4.4,39,,OPERATIONAL,,ChIJDYHOJcwEdkgRiVHRULwdLFM,property companies,2025-09-17T17:01:03.747771
J Property Management,"7 Bell Yard, London WC2A 2JR, UK",020 3105 5898,http://www.jpropertymanagement.co.uk/,4.8,33,,OPERATIONAL,,ChIJWTF3B9gBdkgRMNQ1jXftdG8,property companies,2025-09-17T17:01:03.954468
"Partap Property Estate Agents, Sales, Lettings & Property Management","202b Green St, London E7 8LE, UK",020 8470 2928,http://partapproperties.com/,4.4,31,,OPERATIONAL,,ChIJmUWbnbmn2EcRvTykcXHp1FY,property companies,2025-09-17T17:01:04.107776
Lionsgate Property Management,"14-16 Dowgate Hill, London EC4R 2SU, UK",020 3053 6704,http://lionsgate-property.com/,4.3,162,,OPERATIONAL,,ChIJKVJDsVADdkgR78Jlr3FmkoI,property companies,2025-09-17T17:01:04.266072
Key2Key Property Management,"120 Upton Ln, London E7 9LW, UK",020 8552 4777,http://www.key2keyproperties.com/,4.8,155,,OPERATIONAL,,ChIJTTTdtL2n2EcREeXyaw0MU4E,property companies,2025-09-17T17:01:04.486303
ARQ Homes,"355-357, Barking Rd, London E6 1LA, UK",020 8472 0011,http://www.arqhomes.co.uk/,4.9,233,,OPERATIONAL,,ChIJD6c4L76n2EcRXQpC9qGT_Gg,property companies,2025-09-17T17:01:04.635067
Real Estate Agents London,"75A Barking Rd, London E16 4HB, UK",020 7055 0441,https://realestateagentslondon.co.uk/,4.8,396,,OPERATIONAL,,ChIJjfZBDP2n2EcRoMW6UbBfGj0,property companies,2025-09-17T17:01:04.792225
Eazy 2 Let,"456c Romford Rd, London E7 8DF, UK",020 8503 5666,,4.5,80,,OPERATIONAL,,ChIJqzgAwren2EcRiWovyhnV_ZQ,property companies,2025-09-17T17:01:05.004123
Martin Smith Residential Letting & Management,"42 Romford Rd, London E15 4BZ, UK",020 8519 6677,http://www.martinsmithletting.co.uk/,4.3,35,,OPERATIONAL,,ChIJM_umsY6n2EcR0phSRbeHHx8,property companies,2025-09-17T17:01:05.169821
Alexander Property Management Ltd,"70 Wood St, London E17 3HT, UK",020 8501 1489,http://www.alexanderproperty.co.uk/,4.8,19,,OPERATIONAL,,ChIJD2ukkPkddkgRarYbeILR6jI,property companies,2025-09-17T17:01:05.323280
Let Sell Property ltd,"115 Green St, London E7 8JF, UK",020 8396 4000,http://www.letsellproperty.co.uk/,4.7,68,,OPERATIONAL,,ChIJr5H6iJ2m2EcRZ5ndildTvqM,property companies,2025-09-17T17:01:05.534949
The Property Company,"143 Tottenham Ln, London N8 9BJ, UK",020 8348 8833,http://www.thepropertycompany.co.uk/,4.2,561,,OPERATIONAL,,ChIJlRgM7MEbdkgRxyXmtMBCKok,property companies,2025-09-17T17:01:05.762168
Prime Finders Limited,"141 Cavendish Gardens, London, Barking IG11 9DY, UK",020 7101 4930,http://www.primefinders.co.uk/,4.9,65,,OPERATIONAL,,ChIJVVXM79Cl2EcR4S5IK1MppZU,property companies,2025-09-17T17:01:05.960691
Kingdom Property Agents Ltd,"91Katherine Road, London E6 1EW, UK",020 8821 0287,https://ukmapslocation.org/business/kingdom-property-agents-ltd-ol72tp,5.0,54,,OPERATIONAL,,ChIJicLUyMqn2EcRHRZfTn5uabI,property companies,2025-09-17T17:01:06.122035
Sequoia Homes,"555-557 Cranbrook Rd, Gants Hill, Ilford IG2 6HE, UK",020 3780 7692,http://www.sequoiahomes.co.uk/,4.1,76,,OPERATIONAL,,ChIJQ3XFQ_QddkgRtddm5OrNLhs,property companies,2025-09-17T17:01:06.324761
Bismilla Property Ltd,"747 Barking Rd, London E13 9ER, UK",020 8586 6779,https://bismillaproperty.com/,4.5,18,,OPERATIONAL,,ChIJCatAOM-n2EcR_e2I2mTN_2Q,property companies,2025-09-17T17:01:06.471964
Icon Properties,"Central House, 103 Central Park Rd, London E6 3DW, UK",020 8472 0000,http://www.iconproperties.co.uk/,4.7,19,,OPERATIONAL,,ChIJJYuw0PcPdkgRVR5FCKDT2j0,property companies,2025-09-17T17:01:06.632712
base property specialists - London's experts at letting & property management,"3 Garden Walk, London EC2A 3EQ, UK",020 7033 1901,https://www.baseps.co.uk/,5.0,105,,OPERATIONAL,,ChIJS-fnqrocdkgRDwdKmsYYOkw,property companies,2025-09-17T17:01:06.789316
Raj Properties Limited,"12 Green St, London E7 8BZ, UK",020 8472 6869,https://ajayajay6.wixsite.com/raj-home,4.3,38,,OPERATIONAL,,ChIJxXvoM7un2EcRFFncepENkx4,property companies,2025-09-17T17:01:06.950831
BK Property Management Services - Guaranteed Rent,"136 Katherine Rd, London E6 1ER, UK",020 8470 1420,https://www.bkpropertymanagementservices.com/,5.0,24,,OPERATIONAL,,ChIJvdjKLQCn2EcRqrfM2cQeXtc,property firms,2025-09-17T17:01:07.676208
Harvey W James,"F1, 415 High St, London E15 4QZ, UK",020 3865 1500,https://www.harveywjames.com/,5.0,211,,OPERATIONAL,,ChIJE3YRc4qn2EcROhAhS9q0jMA,property firms,2025-09-17T17:01:07.840227
Stirling and Co Residential,"29 Upton Ln, London E7 9PA, UK",020 8548 0449,http://www.stirlingco.com/,4.9,30,,OPERATIONAL,,ChIJI0VPZf6n2EcReWOlW3f9gn8,property firms,2025-09-17T17:01:07.994104
ARQ Homes,"355-357, Barking Rd, London E6 1LA, UK",020 8472 0011,http://www.arqhomes.co.uk/,4.9,233,,OPERATIONAL,,ChIJD6c4L76n2EcRXQpC9qGT_Gg,property firms,2025-09-17T17:01:08.193951
Let Sell Property ltd,"115 Green St, London E7 8JF, UK",020 8396 4000,http://www.letsellproperty.co.uk/,4.7,68,,OPERATIONAL,,ChIJr5H6iJ2m2EcRZ5ndildTvqM,property firms,2025-09-17T17:01:08.350319
Martin Smith Residential Letting & Management,"42 Romford Rd, London E15 4BZ, UK",020 8519 6677,http://www.martinsmithletting.co.uk/,4.3,35,,OPERATIONAL,,ChIJM_umsY6n2EcR0phSRbeHHx8,property firms,2025-09-17T17:01:08.511744
Real Estate Agents London,"75A Barking Rd, London E16 4HB, UK",020 7055 0441,https://realestateagentslondon.co.uk/,4.8,396,,OPERATIONAL,,ChIJjfZBDP2n2EcRoMW6UbBfGj0,property firms,2025-09-17T17:01:08.711894
Kevin & Co. Sales & Letting Agents,"The Oxygen, 18 Western Gateway, London E16 1BL, UK",,https://kevinandco.uk/,4.9,231,,OPERATIONAL,,ChIJTUsu-Man2EcRNQ69BFQi0zs,property firms,2025-09-17T17:01:08.862447
Goldman Greg Estate Agency & Housing Management Services,"143 Leman St, London E1 8EY, UK",020 7977 0018,http://www.goldmangreg.co.uk/,4.9,156,,OPERATIONAL,,ChIJQf4uGHMDdkgRNiqYLkKScEE,property firms,2025-09-17T17:01:09.029629
Markand & Co Solicitors LLP,"6 - 8 Woodford Rd, London E7 0HA, UK",020 8470 1422,http://www.markandsolicitors.co.uk/,4.9,244,,OPERATIONAL,,ChIJp0NLmbmn2EcRNtM-I89GjRg,property firms,2025-09-17T17:01:09.276315
Norman H Barnett,"397 Barking Rd, London E6 2JT, UK",020 8471 2112,http://www.normanhbarnett.co.uk/,4.8,282,,OPERATIONAL,,ChIJadJY-Dam2EcRvYzZVR0wClg,property firms,2025-09-17T17:01:09.472022
McDowalls,"54-56 Barking Rd, London E6 3BP, UK",020 8472 4422,http://www.mcdowalls.com/,4.3,107,,OPERATIONAL,,ChIJi6FkrM6n2EcRDzxtO0ap6Y4,property firms,2025-09-17T17:01:09.626082
Imperial Dragon Property Management,"30 Churchill Pl, London E14 5RE, UK",020 7096 0964,http://www.imperialdragonproperty.com/,4.4,39,,OPERATIONAL,,ChIJDYHOJcwEdkgRiVHRULwdLFM,property firms,2025-09-17T17:01:09.783088
Adam Bernard Solicitors,"25 Barking Rd, London E6 1PW, UK",020 7100 0505,https://www.adambernards.co.uk/?utm_source=google&utm_medium=organic&utm_campaign=Google+My+Business+-+East+Ham,4.7,609,,OPERATIONAL,,ChIJRyTmzM6n2EcR_0aroBVqMO0,property firms,2025-09-17T17:01:09.980949
T J Miller,"148 Plashet Rd, London E13 0QS, UK",020 8514 7788,https://uklocation.org/business/t-j-miller-af90v0,4.8,64,,OPERATIONAL,,ChIJx_eB9Lin2EcRJKlUfqzEkB0,property firms,2025-09-17T17:01:10.136687
MyPIPS Ltd,"Expressway Studio I.I, 1 Dock Rd, London E16 1AH, UK",020 3916 5916,https://mypips.co.uk/,5.0,64,,OPERATIONAL,,ChIJFT_DGKup2EcRnF5MNqqFiR4,property firms,2025-09-17T17:01:10.334633
Alico Property Consultants,"151 Plashet Rd, London E13 0RA, UK",020 8552 3325,http://www.alicoproperty.com/,4.0,2,,OPERATIONAL,,ChIJEWOCy7in2EcR-_sh2c8lg4k,property firms,2025-09-17T17:01:10.489075
Charron Properties,"25 Cabot Sq, London E14 4QZ, UK",07511 674155,http://www.charron.co.uk/,4.9,50,,OPERATIONAL,,ChIJHUGipdOt2EcR4YCT-O_JVdI,property firms,2025-09-17T17:01:10.777097
Thinq Homes,"130 Plashet Rd, London E13 0QS, UK",020 8548 4007,http://www.thinqhomes.com/,4.9,48,,OPERATIONAL,,ChIJNa2v7Lin2EcRha2cKYlJjpE,property firms,2025-09-17T17:01:10.925809
"Partap Property Estate Agents, Sales, Lettings & Property Management","202b Green St, London E7 8LE, UK",020 8470 2928,http://partapproperties.com/,4.4,31,,OPERATIONAL,,ChIJmUWbnbmn2EcRvTykcXHp1FY,property firms,2025-09-17T17:01:11.073413
The Property Professionals,"Suite 28, Woodford Business Centre, 113-115 George Ln, London E18 1AB, UK",07970 797809,https://the-property-professionals.ueniweb.com/?utm_campaign=gmb,5.0,2,,OPERATIONAL,,ChIJof8L08Cn2EcRsjtBUmOELMA,property professionals,2025-09-17T17:01:11.601956
The Guild of Property Professionals,"121 Park Ln, London W1K 7AG, UK",020 7629 4141,http://www.guildproperty.co.uk/,4.8,105,,OPERATIONAL,,ChIJaSLEd15w2EcRqMS9WJKBqj0,property professionals,2025-09-17T17:01:11.822743
Professional Homes Limited,"St Mary's Ave, Bromley BR2 0PU, UK",020 3005 6450,http://www.professionalhomes.co.uk/,4.9,29,,OPERATIONAL,,ChIJSw8P6fiq2EcRozYnkq4pNyM,property professionals,2025-09-17T17:01:12.007956
Key2Key Property Management,"120 Upton Ln, London E7 9LW, UK",020 8552 4777,http://www.key2keyproperties.com/,4.8,155,,OPERATIONAL,,ChIJTTTdtL2n2EcREeXyaw0MU4E,property professionals,2025-09-17T17:01:12.163892
The Property Expert,"STC House, 7 Elmfield Park, Bromley BR1 1LT, UK",07884 187114,http://www.thepropertyxp.com/,4.9,59,,OPERATIONAL,,ChIJhfOZhner2EcRckEt58v6P1w,property professionals,2025-09-17T17:01:12.379660
Shan Properties (UK) Ltd,"61 Plashet Grove, London E6 1AD, UK",020 8472 9993,https://shanproperties.co.uk/,4.7,332,,OPERATIONAL,,ChIJy418xren2EcRRyWx6ahlYDI,property professionals,2025-09-17T17:01:12.537269
base property specialists - London's experts at letting & property management,"3 Garden Walk, London EC2A 3EQ, UK",020 7033 1901,https://www.baseps.co.uk/,5.0,105,,OPERATIONAL,,ChIJS-fnqrocdkgRDwdKmsYYOkw,property professionals,2025-09-17T17:01:12.698461
THE REAL PROPERTY EXPERTS,"18 Bouverie Pl, Tyburnia, London W2 1RD, UK",020 7723 2393,https://www.trpe.co.uk/,4.5,49,,OPERATIONAL,,ChIJAQBQwTQFdkgRbqLmnEupDPc,property professionals,2025-09-17T17:01:12.927799
Capricorn Property,"39, The Lock Bldg, 72-74 High St, London E15 2QB, UK",020 8534 4500,https://www.capricornproperty.com/,4.2,34,,OPERATIONAL,,ChIJIWbA8VwddkgRcyo8SXHHAhU,property professionals,2025-09-17T17:01:13.117691
London Property Management,"25 Cabot Sq, London E14 4QA, UK",020 3051 8689,http://www.ldn-pm.co.uk/,1.0,1,,OPERATIONAL,,ChIJ7d8dzagFdkgRTkp9XTYni9U,property professionals,2025-09-17T17:01:13.294502
Hunters Estate & Letting Agents Plaistow,"272 Barking Rd, London E13 8HR, UK",020 7474 2345,https://www.hunters.com/office/plaistow?utm_source=google&utm_medium=local,4.6,190,,OPERATIONAL,,ChIJfyPNUuGn2EcRjyl-qGgxZYg,property professionals,2025-09-17T17:01:13.441438
Hub Of Homes,"35 Longbridge Rd, Barking IG11 8TN, UK",020 3921 2000,https://www.hubofhomes.com/,5.0,34,,OPERATIONAL,,ChIJjS3BxAun2EcRokCG7IGxdMk,property professionals,2025-09-17T17:01:13.637937
Payne & Co,"151 Cranbrook Rd, Cranbrook, Ilford IG1 4TA, UK",020 8518 3000,http://www.payneandco.co.uk/,4.6,255,,OPERATIONAL,,ChIJZZcfgfSm2EcRyZ4EvKksXvE,property professionals,2025-09-17T17:01:13.829762
Property Professionals,"117 Hammersmith Rd, London W54 7BD, UK",07451 215022,http://propertyhubpro.com/,0.0,0,,OPERATIONAL,,ChIJL__uEcAPdkgRJrLsm_3nYPU,property professionals,2025-09-17T17:01:13.995563
